company_id,growth_score,growth_grade,growth_rank,growth_percentile,financial_score,patent_score,employment_score,news_event_score,industry_score,industry_rank,industry_percentile,model_version,calculated_at,financial_data_available,patent_data_available,employment_data_available,news_event_data_available,industry_data_available,coverage_score
78,77.0,S,13,95.7,55.9,80.9,69.3,73.8,47.5,4,92.0,v1.0,2026-09-02,1,1,1,1,1,0.947
101,56.2,B,101,66.3,44.7,71.8,27.1,87.6,47.5,17,66.0,v1.0,2026-09-02,1,1,1,1,1,1.0
102,66.4,A,43,85.7,52.1,81.8,56.0,58.7,47.5,8,84.0,v1.0,2026-09-02,1,1,1,1,1,1.0
103,39.7,C,220,26.7,26.9,30.5,81.1,45.0,47.5,36,28.0,v1.0,2026-09-02,1,1,1,1,1,0.92
104,35.0,C,241,19.7,69.4,28.0,7.7,43.6,47.5,40,20.0,v1.0,2026-09-02,1,1,1,1,1,0.987
105,17.1,D,292,2.7,29.3,20.2,23.6,47.0,47.5,48,4.0,v1.0,2026-09-02,1,1,1,1,1,0.987
106,43.1,C,199,33.7,65.7,50.0,22.0,32.7,47.5,33,34.0,v1.0,2026-09-02,1,1,1,1,1,0.933
107,54.8,B,110,63.3,65.1,19.0,72.5,51.4,47.5,18,64.0,v1.0,2026-09-02,1,1,1,1,1,0.973
108,48.8,B,154,48.7,42.1,64.9,43.3,52.9,47.5,23,54.0,v1.0,2026-09-02,1,1,1,1,1,0.973
109,89.5,S,2,99.3,68.9,86.4,78.1,74.9,47.5,1,98.0,v1.0,2026-09-02,1,1,1,1,1,0.947
110,30.3,D,259,13.7,40.4,16.5,44.7,50.5,47.5,42,16.0,v1.0,2026-09-02,1,1,1,1,1,0.987
111,48.1,B,160,46.7,42.8,55.9,70.1,25.1,47.5,24,52.0,v1.0,2026-09-02,1,1,1,1,1,0.92
112,76.3,S,16,94.7,69.8,63.3,62.3,76.2,47.5,5,90.0,v1.0,2026-09-02,1,1,1,1,1,0.973
113,51.5,B,141,53.0,35.3,64.5,51.8,65.6,47.5,22,56.0,v1.0,2026-09-02,1,1,1,1,1,0.96
114,53.2,B,124,58.7,46.8,40.0,58.0,73.4,47.5,19,62.0,v1.0,2026-09-02,1,1,1,1,1,0.92
115,46.8,B,168,44.0,53.2,73.0,16.6,,47.5,27,46.0,v1.0,2026-09-02,1,1,1,0,1,0.973
116,30.2,D,260,13.3,28.6,20.2,66.4,39.7,47.5,43,14.0,v1.0,2026-09-02,1,1,1,1,1,0.947
117,62.0,A,62,79.3,46.0,64.4,47.8,88.6,47.5,12,76.0,v1.0,2026-09-02,1,1,1,1,1,0.933
118,15.2,D,296,1.3,21.2,20.2,44.9,27.7,47.5,49,2.0,v1.0,2026-09-02,1,1,1,1,1,0.92
119,38.0,C,227,24.3,,72.9,1.6,55.3,47.5,37,26.0,v1.0,2026-09-02,1,1,1,1,1,0.84
120,10.8,D,299,0.3,36.2,28.9,1.0,,47.5,50,0.0,v1.0,2026-09-02,1,1,1,0,1,0.973
121,25.1,D,271,9.7,50.7,16.5,27.2,34.0,47.5,45,10.0,v1.0,2026-09-02,1,1,1,1,1,0.947
122,44.1,C,189,37.0,38.1,68.6,34.8,50.0,47.5,32,36.0,v1.0,2026-09-02,1,1,1,1,1,0.973
123,32.2,C,251,16.3,21.1,32.9,52.6,63.6,47.5,41,18.0,v1.0,2026-09-02,1,1,1,1,1,1.0
124,44.6,C,185,38.3,49.4,20.2,69.8,,47.5,31,38.0,v1.0,2026-09-02,1,1,1,0,1,0.973
125,47.0,B,166,44.7,60.0,31.4,25.3,79.2,47.5,26,48.0,v1.0,2026-09-02,1,1,1,1,1,0.867
126,82.7,S,6,98.0,76.2,82.4,84.3,32.4,47.5,3,94.0,v1.0,2026-09-02,1,1,1,1,1,0.907
127,63.2,A,53,82.3,68.5,52.8,67.1,38.2,47.5,10,80.0,v1.0,2026-09-02,1,1,1,1,1,0.973
128,82.8,S,5,98.3,57.4,82.0,86.1,,47.5,2,96.0,v1.0,2026-09-02,1,1,1,0,1,0.973
129,28.5,D,264,12.0,27.1,43.4,31.7,51.9,47.5,44,12.0,v1.0,2026-09-02,1,1,1,1,1,0.973
130,58.8,A,82,72.7,64.1,82.7,18.7,,47.5,14,72.0,v1.0,2026-09-02,1,1,1,0,1,0.973
131,46.1,B,175,41.7,,20.2,75.7,,47.5,28,44.0,v1.0,2026-09-02,0,1,1,0,1,0.8
132,35.3,C,237,21.0,34.8,39.8,60.8,27.7,47.5,39,22.0,v1.0,2026-09-02,1,1,1,1,1,0.973
133,41.7,C,207,31.0,48.3,39.8,44.9,,47.5,34,32.0,v1.0,2026-09-02,1,1,1,0,1,0.92
134,62.3,A,58,80.7,63.1,67.1,59.7,36.0,47.5,11,78.0,v1.0,2026-09-02,1,1,1,1,1,0.947
135,64.3,A,48,84.0,65.2,53.0,59.8,,47.5,9,82.0,v1.0,2026-09-02,1,1,1,0,1,0.947
136,45.0,C,183,39.0,47.7,34.6,68.5,34.4,47.5,30,40.0,v1.0,2026-09-02,1,1,1,1,1,0.947
138,46.0,B,176,41.3,68.1,30.1,50.3,27.7,47.5,29,42.0,v1.0,2026-09-02,1,1,1,1,1,0.973
139,52.9,B,127,57.7,80.6,27.6,35.2,,47.5,21,58.0,v1.0,2026-09-02,1,1,1,0,1,0.92
140,61.2,A,70,76.7,76.8,33.4,,54.3,47.5,13,74.0,v1.0,2026-09-02,1,1,0,1,1,0.773
141,35.8,C,236,21.3,56.3,20.2,38.6,,47.5,38,24.0,v1.0,2026-09-02,1,1,1,0,1,0.973
142,57.8,B,91,69.7,76.6,52.8,39.4,38.9,47.5,15,70.0,v1.0,2026-09-02,1,1,1,1,1,0.92
143,47.2,B,165,45.0,43.6,66.3,55.9,25.4,47.5,25,50.0,v1.0,2026-09-02,1,1,1,1,1,0.92
144,57.2,B,94,68.7,69.3,41.0,48.9,,47.5,16,68.0,v1.0,2026-09-02,1,1,1,0,1,0.92
145,67.4,A,41,86.3,68.1,43.4,72.3,,47.5,7,86.0,v1.0,2026-09-02,1,1,1,0,1,0.92
146,52.9,B,126,58.0,36.1,74.0,73.5,27.7,47.5,20,60.0,v1.0,2026-09-02,1,1,1,1,1,0.947
147,73.5,S,22,92.7,70.5,54.5,72.0,,47.5,6,88.0,v1.0,2026-09-02,1,1,1,0,1,0.92
148,22.0,D,283,5.7,41.0,20.2,29.0,,47.5,46,8.0,v1.0,2026-09-02,1,1,1,0,1,0.973
149,40.9,C,212,29.3,55.6,37.4,34.7,,47.5,35,30.0,v1.0,2026-09-02,1,1,1,0,1,0.92
150,18.7,D,289,3.7,19.9,20.2,53.0,,47.5,47,6.0,v1.0,2026-09-02,1,1,1,0,1,0.973
151,45.8,B,177,41.0,39.9,54.0,32.9,75.6,46.7,25,50.0,v1.0,2026-09-02,1,1,1,1,1,0.973
251,43.0,C,200,33.3,33.0,36.9,72.3,49.2,46.7,30,40.0,v1.0,2026-09-02,1,1,1,1,1,0.947
252,52.1,B,134,55.3,78.8,59.4,23.0,27.0,46.7,20,60.0,v1.0,2026-09-02,1,1,1,1,1,0.947
253,80.7,S,8,97.3,75.7,82.5,53.9,67.1,46.7,2,96.0,v1.0,2026-09-02,1,1,1,1,1,1.0
254,72.7,S,24,92.0,63.4,78.5,62.8,55.4,46.7,6,88.0,v1.0,2026-09-02,1,1,1,1,1,0.947
255,22.6,D,280,6.7,48.3,23.5,12.5,40.6,46.7,46,8.0,v1.0,2026-09-02,1,1,1,1,1,0.947
256,29.5,D,263,12.3,41.2,57.8,19.4,25.3,46.7,44,12.0,v1.0,2026-09-02,1,1,1,1,1,0.973
257,61.4,A,68,77.3,47.1,83.3,53.4,52.4,46.7,13,74.0,v1.0,2026-09-02,1,1,1,1,1,0.987
258,62.5,A,57,81.0,60.3,46.8,56.7,74.2,46.7,10,80.0,v1.0,2026-09-02,1,1,1,1,1,0.947
259,56.9,B,96,68.0,,49.4,63.6,,46.7,18,64.0,v1.0,2026-09-02,0,1,1,0,1,0.8
260,59.6,A,80,73.3,79.0,39.5,51.4,42.9,46.7,16,68.0,v1.0,2026-09-02,1,1,1,1,1,0.92
262,60.6,A,73,75.7,36.9,61.8,72.3,73.3,46.7,15,70.0,v1.0,2026-09-02,1,1,1,1,1,0.907
263,93.1,S,1,99.7,78.8,76.1,86.6,71.7,46.7,1,98.0,v1.0,2026-09-02,1,1,1,1,1,0.92
264,62.1,A,61,79.7,78.0,71.3,16.3,58.8,46.7,12,76.0,v1.0,2026-09-02,1,1,1,1,1,0.907
265,34.2,C,246,18.0,20.5,47.8,64.6,37.2,46.7,40,20.0,v1.0,2026-09-02,1,1,1,1,1,0.973
266,44.1,C,190,36.7,21.0,76.4,62.7,37.3,46.7,26,48.0,v1.0,2026-09-02,1,1,1,1,1,0.987
267,67.5,A,40,86.7,72.6,40.6,75.9,50.8,46.7,8,84.0,v1.0,2026-09-02,1,1,1,1,1,0.987
268,54.6,B,113,62.3,70.0,52.1,31.2,,46.7,19,62.0,v1.0,2026-09-02,1,1,1,0,1,0.867
269,43.4,C,194,35.3,81.7,11.2,42.8,26.7,46.7,28,44.0,v1.0,2026-09-02,1,1,1,1,1,0.973
270,71.8,S,29,90.3,84.7,56.0,60.5,42.6,46.7,7,86.0,v1.0,2026-09-02,1,1,1,1,1,0.947
271,62.3,A,59,80.3,74.8,69.9,24.3,,46.7,11,78.0,v1.0,2026-09-02,1,1,1,0,1,0.947
272,25.0,D,272,9.3,28.8,34.5,48.3,26.2,46.7,45,10.0,v1.0,2026-09-02,1,1,1,1,1,0.92
273,51.7,B,137,54.3,44.5,65.1,51.3,48.8,46.7,21,58.0,v1.0,2026-09-02,1,1,1,1,1,0.947
274,57.9,A,89,70.3,42.3,65.4,60.9,63.1,46.7,17,66.0,v1.0,2026-09-02,1,1,1,1,1,0.973
275,35.1,C,239,20.3,47.1,36.8,46.9,25.6,46.7,37,26.0,v1.0,2026-09-02,1,1,1,1,1,1.0
276,40.6,C,215,28.3,50.0,74.0,20.3,25.9,46.7,32,36.0,v1.0,2026-09-02,1,1,1,1,1,0.973
277,74.3,S,20,93.3,72.1,46.1,76.3,69.1,46.7,5,90.0,v1.0,2026-09-02,1,1,1,1,1,0.947
278,35.8,C,235,21.7,,11.2,75.3,34.4,46.7,36,28.0,v1.0,2026-09-02,0,1,1,1,1,0.8
279,37.6,C,231,23.0,38.4,36.2,54.3,,46.7,35,30.0,v1.0,2026-09-02,1,1,1,0,1,0.92
280,18.6,D,290,3.3,,46.3,2.3,40.5,46.7,48,4.0,v1.0,2026-09-02,0,1,1,1,1,0.8
281,30.4,D,258,14.0,36.7,32.9,43.3,,46.7,41,18.0,v1.0,2026-09-02,1,1,1,0,1,0.947
282,29.9,D,262,12.7,32.8,39.2,41.6,,46.7,43,14.0,v1.0,2026-09-02,1,1,1,0,1,0.947
283,30.0,D,261,13.0,40.6,17.8,51.6,,46.7,42,16.0,v1.0,2026-09-02,1,1,1,0,1,0.88
284,43.3,C,195,35.0,39.5,28.9,68.9,52.4,46.7,29,42.0,v1.0,2026-09-02,1,1,1,1,1,0.973
285,51.6,B,139,53.7,57.0,61.9,33.9,,46.7,22,56.0,v1.0,2026-09-02,1,1,1,0,1,0.933
286,41.8,C,206,31.3,54.1,56.1,34.2,27.7,46.7,31,38.0,v1.0,2026-09-02,1,1,1,1,1,0.947
287,43.4,C,193,35.7,56.8,31.0,42.5,50.6,46.7,27,46.0,v1.0,2026-09-02,1,1,1,1,1,0.973
288,49.4,B,152,49.3,57.9,38.1,51.1,,46.7,23,54.0,v1.0,2026-09-02,1,1,1,0,1,0.947
289,78.0,S,12,96.0,53.3,85.9,62.3,86.2,46.7,4,92.0,v1.0,2026-09-02,1,1,1,1,1,0.987
290,17.9,D,291,3.0,19.6,11.2,66.4,25.1,46.7,49,2.0,v1.0,2026-09-02,1,1,1,1,1,1.0
291,48.1,B,159,47.0,67.2,23.5,55.1,40.6,46.7,24,52.0,v1.0,2026-09-02,1,1,1,1,1,0.973
292,61.3,A,69,77.0,43.5,79.6,43.7,76.9,46.7,14,72.0,v1.0,2026-09-02,1,1,1,1,1,0.987
293,65.2,A,46,84.7,42.2,61.1,75.3,76.8,46.7,9,82.0,v1.0,2026-09-02,1,1,1,1,1,0.947
294,34.5,C,242,19.3,51.6,11.2,52.3,,46.7,38,24.0,v1.0,2026-09-02,1,1,1,0,1,0.947
295,20.2,D,287,4.3,26.6,47.9,16.4,37.4,46.7,47,6.0,v1.0,2026-09-02,1,1,1,1,1,0.96
296,78.8,S,10,96.7,48.5,73.6,86.5,82.7,46.7,3,94.0,v1.0,2026-09-02,1,1,1,1,1,0.947
297,34.5,C,245,18.3,33.1,23.5,67.6,,46.7,39,22.0,v1.0,2026-09-02,1,1,1,0,1,0.947
298,12.9,D,297,1.0,17.1,39.1,24.9,,46.7,50,0.0,v1.0,2026-09-02,1,1,1,0,1,0.987
299,39.1,C,222,26.0,42.5,37.0,41.3,57.0,46.7,33,34.0,v1.0,2026-09-02,1,1,1,1,1,1.0
300,37.6,C,230,23.3,46.5,12.6,66.1,42.8,46.7,34,32.0,v1.0,2026-09-02,1,1,1,1,1,0.947
401,37.6,C,229,23.7,52.8,35.9,19.4,,65.0,46,8.0,v1.0,2026-09-02,1,1,1,0,1,0.973
402,56.3,B,100,66.7,72.7,56.7,28.0,33.2,65.0,22,56.0,v1.0,2026-09-02,1,1,1,1,1,0.947
403,60.4,A,74,75.3,59.9,62.6,51.3,35.0,65.0,18,64.0,v1.0,2026-09-02,1,1,1,1,1,0.88
404,45.0,C,182,39.3,21.6,55.4,52.6,62.6,65.0,36,28.0,v1.0,2026-09-02,1,1,1,1,1,0.933
405,48.0,B,161,46.3,55.8,49.2,26.8,47.9,65.0,33,34.0,v1.0,2026-09-02,1,1,1,1,1,0.947
406,61.6,A,67,77.7,39.5,66.6,66.2,55.0,65.0,17,66.0,v1.0,2026-09-02,1,1,1,1,1,0.92
407,27.7,D,266,11.3,22.3,54.5,23.0,37.7,65.0,48,4.0,v1.0,2026-09-02,1,1,1,1,1,0.973
408,63.7,A,50,83.3,69.7,59.2,,23.9,65.0,9,82.0,v1.0,2026-09-02,1,1,0,1,1,0.773
409,52.3,B,132,56.0,58.8,14.5,60.9,58.5,65.0,27,46.0,v1.0,2026-09-02,1,1,1,1,1,0.973
410,46.3,B,174,42.0,19.6,45.2,73.6,57.1,65.0,35,30.0,v1.0,2026-09-02,1,1,1,1,1,0.88
411,62.1,A,60,80.0,38.4,52.2,61.6,84.9,65.0,14,72.0,v1.0,2026-09-02,1,1,1,1,1,0.907
412,61.8,A,65,78.3,45.3,55.8,67.7,,65.0,16,68.0,v1.0,2026-09-02,1,1,1,0,1,0.947
413,68.2,A,39,87.0,39.5,57.0,84.7,67.5,65.0,7,86.0,v1.0,2026-09-02,1,1,1,1,1,0.973
414,42.9,C,201,33.0,57.2,24.6,51.1,26.5,65.0,40,20.0,v1.0,2026-09-02,1,1,1,1,1,0.96
415,46.9,B,167,44.3,51.1,66.7,20.7,38.2,65.0,34,32.0,v1.0,2026-09-02,1,1,1,1,1,0.88
416,65.6,A,45,85.0,66.3,53.8,60.3,41.4,65.0,8,84.0,v1.0,2026-09-02,1,1,1,1,1,0.933
417,55.4,B,107,64.3,42.1,51.2,50.8,68.0,65.0,23,54.0,v1.0,2026-09-02,1,1,1,1,1,0.987
418,50.3,B,146,51.3,35.2,65.3,31.6,69.6,65.0,29,42.0,v1.0,2026-09-02,1,1,1,1,1,0.973
419,53.7,B,120,60.0,27.1,46.6,65.7,78.1,65.0,24,52.0,v1.0,2026-09-02,1,1,1,1,1,0.947
420,62.6,A,55,81.7,45.5,67.4,73.9,35.7,65.0,12,76.0,v1.0,2026-09-02,1,1,1,1,1,0.947
421,58.7,A,83,72.3,62.9,57.2,54.1,26.5,65.0,20,60.0,v1.0,2026-09-02,1,1,1,1,1,0.973
422,75.1,S,19,93.7,74.6,81.3,43.0,46.3,65.0,3,94.0,v1.0,2026-09-02,1,1,1,1,1,0.933
423,71.0,A,31,89.7,45.2,64.9,80.1,62.4,65.0,4,92.0,v1.0,2026-09-02,1,1,1,1,1,0.987
424,48.5,B,156,48.0,45.1,18.6,39.4,95.3,65.0,31,38.0,v1.0,2026-09-02,1,1,1,1,1,0.973
425,41.2,C,209,30.3,23.2,41.2,52.9,63.9,65.0,43,14.0,v1.0,2026-09-02,1,1,1,1,1,0.987
426,26.2,D,268,10.7,38.9,24.8,21.0,41.4,65.0,49,2.0,v1.0,2026-09-02,1,1,1,1,1,0.92
427,43.2,C,198,34.0,68.0,39.0,15.9,34.0,65.0,39,22.0,v1.0,2026-09-02,1,1,1,1,1,0.947
428,61.9,A,64,78.7,86.1,44.1,18.7,,65.0,15,70.0,v1.0,2026-09-02,1,1,1,0,1,0.973
429,51.9,B,136,54.7,37.6,40.1,83.0,36.2,65.0,28,44.0,v1.0,2026-09-02,1,1,1,1,1,0.907
430,69.5,A,35,88.3,65.2,66.7,50.9,53.2,65.0,5,90.0,v1.0,2026-09-02,1,1,1,1,1,0.973
431,63.6,A,51,83.0,,71.3,38.2,,65.0,10,80.0,v1.0,2026-09-02,0,1,1,0,1,0.8
432,62.6,A,56,81.3,54.8,54.8,56.3,57.3,65.0,13,74.0,v1.0,2026-09-02,1,1,1,1,1,0.973
433,43.9,C,191,36.3,57.5,14.5,65.3,24.4,65.0,37,26.0,v1.0,2026-09-02,1,1,1,1,1,0.907
434,43.9,C,192,36.0,28.8,35.9,39.0,88.3,65.0,38,24.0,v1.0,2026-09-02,1,1,1,1,1,0.947
435,63.3,A,52,82.7,67.9,72.6,19.3,59.1,65.0,11,78.0,v1.0,2026-09-02,1,1,1,1,1,0.973
436,57.6,B,93,69.0,50.9,35.9,79.6,40.7,65.0,21,58.0,v1.0,2026-09-02,1,1,1,1,1,0.973
437,42.3,C,204,32.0,42.2,25.9,72.4,24.2,65.0,42,16.0,v1.0,2026-09-02,1,1,1,1,1,0.947
438,49.9,B,149,50.3,35.1,66.4,55.6,35.2,65.0,30,40.0,v1.0,2026-09-02,1,1,1,1,1,0.893
439,40.5,C,216,28.0,53.6,52.6,23.3,24.9,65.0,44,12.0,v1.0,2026-09-02,1,1,1,1,1,0.867
440,86.5,S,3,99.0,70.1,68.2,,78.6,65.0,1,98.0,v1.0,2026-09-02,1,1,0,1,1,0.773
441,38.3,C,225,25.0,38.8,14.5,63.3,,65.0,45,10.0,v1.0,2026-09-02,1,1,1,0,1,0.947
442,69.1,A,37,87.7,75.9,51.3,33.0,74.8,65.0,6,88.0,v1.0,2026-09-02,1,1,1,1,1,0.933
443,52.4,B,129,57.0,59.1,27.0,53.9,,65.0,26,48.0,v1.0,2026-09-02,1,1,1,0,1,0.907
444,86.2,S,4,98.7,66.7,74.9,74.3,,65.0,2,96.0,v1.0,2026-09-02,1,1,1,0,1,0.96
445,52.6,B,128,57.3,45.7,57.0,44.3,,65.0,25,50.0,v1.0,2026-09-02,1,1,1,0,1,0.947
446,31.9,C,253,15.7,50.1,14.0,38.0,31.7,65.0,47,6.0,v1.0,2026-09-02,1,1,1,1,1,0.96
447,24.0,D,273,9.0,33.1,14.5,16.3,64.8,65.0,50,0.0,v1.0,2026-09-02,1,1,1,1,1,1.0
448,48.3,B,157,47.7,32.3,67.9,55.7,32.7,65.0,32,36.0,v1.0,2026-09-02,1,1,1,1,1,0.947
449,59.2,A,81,73.0,58.5,43.5,,53.8,65.0,19,62.0,v1.0,2026-09-02,1,1,0,1,1,0.747
450,42.8,C,202,32.7,37.6,18.6,87.7,24.7,65.0,41,18.0,v1.0,2026-09-02,1,1,1,1,1,0.907
528,12.1,D,298,0.7,12.1,35.0,34.7,,46.7,49,2.0,v1.0,2026-09-02,1,1,1,0,1,0.973
551,63.0,A,54,82.0,53.0,71.7,73.7,34.9,46.7,8,84.0,v1.0,2026-09-02,1,1,1,1,1,0.867
552,60.9,A,71,76.3,81.6,38.9,47.0,49.4,46.7,9,82.0,v1.0,2026-09-02,1,1,1,1,1,0.973
553,30.9,D,257,14.3,40.2,17.7,34.3,66.2,46.7,41,18.0,v1.0,2026-09-02,1,1,1,1,1,0.907
554,16.5,D,293,2.3,24.1,33.3,25.8,35.9,46.7,47,6.0,v1.0,2026-09-02,1,1,1,1,1,0.947
555,54.2,B,115,61.7,64.5,31.7,71.4,35.9,46.7,19,62.0,v1.0,2026-09-02,1,1,1,1,1,0.947
556,50.7,B,145,51.7,53.3,59.4,52.4,33.5,46.7,28,44.0,v1.0,2026-09-02,1,1,1,1,1,0.947
557,56.9,B,95,68.3,46.4,68.0,58.5,50.8,46.7,13,74.0,v1.0,2026-09-02,1,1,1,1,1,0.973
558,72.5,S,26,91.3,72.4,45.9,76.1,,46.7,5,90.0,v1.0,2026-09-02,1,1,1,0,1,0.973
559,53.3,B,123,59.0,39.0,71.1,51.9,56.8,46.7,23,54.0,v1.0,2026-09-02,1,1,1,1,1,0.92
560,76.8,S,14,95.3,70.3,49.9,74.0,80.1,46.7,2,96.0,v1.0,2026-09-02,1,1,1,1,1,0.987
561,42.6,C,203,32.3,19.2,87.0,,43.7,46.7,33,34.0,v1.0,2026-09-02,1,1,0,1,1,0.667
562,46.8,B,169,43.7,47.8,68.5,41.2,33.0,46.7,29,42.0,v1.0,2026-09-02,1,1,1,1,1,0.933
563,70.2,A,34,88.7,68.6,57.2,50.7,80.2,46.7,7,86.0,v1.0,2026-09-02,1,1,1,1,1,0.947
564,40.7,C,213,29.0,51.1,26.6,52.3,,46.7,34,32.0,v1.0,2026-09-02,1,1,1,0,1,0.867
565,59.8,A,79,73.7,59.6,42.3,68.8,,46.7,10,80.0,v1.0,2026-09-02,1,1,1,0,1,0.947
566,37.9,C,228,24.0,56.3,51.3,18.7,35.9,46.7,36,28.0,v1.0,2026-09-02,1,1,1,1,1,0.947
567,54.8,B,112,62.7,25.0,38.5,79.4,97.1,46.7,17,66.0,v1.0,2026-09-02,1,1,1,1,1,0.973
568,52.2,B,133,55.7,59.6,17.0,76.3,,46.7,25,50.0,v1.0,2026-09-02,1,1,1,0,1,0.947
569,70.2,A,32,89.3,76.9,56.9,61.2,50.3,46.7,6,88.0,v1.0,2026-09-02,1,1,1,1,1,0.973
570,52.3,B,130,56.7,19.6,93.6,60.0,,46.7,24,52.0,v1.0,2026-09-02,1,1,1,0,1,0.973
571,75.6,S,17,94.3,81.2,45.9,70.4,,46.7,4,92.0,v1.0,2026-09-02,1,1,1,0,1,0.973
572,54.8,B,111,63.0,45.4,86.2,34.5,52.7,46.7,16,68.0,v1.0,2026-09-02,1,1,1,1,1,0.947
573,54.5,B,114,62.0,83.3,17.0,40.2,60.6,46.7,18,64.0,v1.0,2026-09-02,1,1,1,1,1,0.973
574,23.6,D,275,8.3,34.4,28.5,21.0,54.0,46.7,43,14.0,v1.0,2026-09-02,1,1,1,1,1,0.92
575,54.2,B,116,61.3,52.3,57.1,50.0,54.8,46.7,20,60.0,v1.0,2026-09-02,1,1,1,1,1,0.947
576,58.5,A,84,72.0,60.6,35.0,71.6,,46.7,11,78.0,v1.0,2026-09-02,1,1,1,0,1,0.947
577,32.1,C,252,16.0,23.8,65.1,29.1,47.4,46.7,40,20.0,v1.0,2026-09-02,1,1,1,1,1,0.973
578,53.5,B,122,59.3,56.3,38.3,75.1,35.9,46.7,22,56.0,v1.0,2026-09-02,1,1,1,1,1,0.973
579,15.4,D,295,1.7,31.3,38.3,10.5,,46.7,48,4.0,v1.0,2026-09-02,1,1,1,0,1,0.947
580,58.0,A,87,71.0,50.4,65.3,55.5,,46.7,12,76.0,v1.0,2026-09-02,1,1,1,0,1,0.973
581,81.4,S,7,97.7,76.1,69.0,68.4,,46.7,1,98.0,v1.0,2026-09-02,1,1,1,0,1,0.92
582,53.9,B,118,60.7,66.5,17.0,82.1,35.9,46.7,21,58.0,v1.0,2026-09-02,1,1,1,1,1,0.92
583,44.4,C,186,38.0,17.5,60.0,74.5,51.7,46.7,31,38.0,v1.0,2026-09-02,1,1,1,1,1,0.973
584,34.5,C,243,19.0,36.5,50.7,41.1,34.0,46.7,39,22.0,v1.0,2026-09-02,1,1,1,1,1,0.947
586,52.0,B,135,55.0,64.0,17.0,69.2,,46.7,26,48.0,v1.0,2026-09-02,1,1,1,0,1,0.973
587,76.6,S,15,95.0,84.4,65.3,50.2,62.3,46.7,3,94.0,v1.0,2026-09-02,1,1,1,1,1,0.88
588,27.0,D,267,11.0,17.9,66.5,30.8,35.9,46.7,42,16.0,v1.0,2026-09-02,1,1,1,1,1,0.973
589,23.3,D,276,8.0,52.9,29.6,5.5,,46.7,44,12.0,v1.0,2026-09-02,1,1,1,0,1,0.92
590,21.1,D,285,5.0,,13.5,44.8,,46.7,46,8.0,v1.0,2026-09-02,0,1,1,0,1,0.8
591,22.1,D,281,6.3,33.5,17.0,44.4,,46.7,45,10.0,v1.0,2026-09-02,1,1,1,0,1,0.947
592,39.4,C,221,26.3,58.1,17.0,48.3,,46.7,35,30.0,v1.0,2026-09-02,1,1,1,0,1,0.973
593,44.8,C,184,38.7,37.5,50.3,58.6,,46.7,30,40.0,v1.0,2026-09-02,1,1,1,0,1,0.973
594,36.2,C,233,22.3,36.1,29.6,61.2,,46.7,37,26.0,v1.0,2026-09-02,1,1,1,0,1,0.867
595,51.0,B,143,52.3,54.9,52.1,45.3,,46.7,27,46.0,v1.0,2026-09-02,1,1,1,0,1,0.947
596,56.7,B,97,67.7,67.2,69.4,38.8,32.6,46.7,14,72.0,v1.0,2026-09-02,1,1,1,1,1,0.973
597,35.9,C,234,22.0,56.0,35.0,25.1,,46.7,38,24.0,v1.0,2026-09-02,1,1,1,0,1,0.973
598,2.0,D,300,0.0,20.1,29.6,2.0,,46.7,50,0.0,v1.0,2026-09-02,1,1,1,0,1,0.92
599,44.2,C,188,37.3,37.8,55.0,52.0,,46.7,32,36.0,v1.0,2026-09-02,1,1,1,0,1,0.947
600,54.9,B,108,64.0,50.3,79.4,34.2,,46.7,15,70.0,v1.0,2026-09-02,1,1,1,0,1,0.92
601,51.5,B,140,53.3,34.3,67.1,58.0,50.3,53.3,25,50.0,v1.0,2026-09-02,1,1,1,1,1,0.987
625,51.6,B,138,54.0,67.4,13.5,75.9,31.7,53.3,24,52.0,v1.0,2026-09-02,1,1,1,1,1,0.933
701,64.5,A,47,84.3,70.9,71.0,34.6,51.3,53.3,11,78.0,v1.0,2026-09-02,1,1,1,1,1,0.973
702,41.1,C,211,29.7,44.8,25.2,51.7,54.7,53.3,38,24.0,v1.0,2026-09-02,1,1,1,1,1,0.973
703,45.1,C,181,39.7,26.3,72.5,60.4,32.0,53.3,35,30.0,v1.0,2026-09-02,1,1,1,1,1,0.947
704,73.3,S,23,92.3,69.0,80.3,41.2,66.5,53.3,4,92.0,v1.0,2026-09-02,1,1,1,1,1,0.947
705,72.3,S,27,91.0,82.8,66.5,34.3,,53.3,6,88.0,v1.0,2026-09-02,1,1,1,0,1,0.88
706,47.5,B,164,45.3,55.0,48.7,46.9,33.3,53.3,29,42.0,v1.0,2026-09-02,1,1,1,1,1,0.92
707,46.5,B,171,43.0,17.1,75.2,63.3,,53.3,31,38.0,v1.0,2026-09-02,1,1,1,0,1,0.987
708,28.1,D,265,11.7,16.4,67.4,34.8,30.1,53.3,48,4.0,v1.0,2026-09-02,1,1,1,1,1,0.92
709,36.8,C,232,22.7,33.5,26.3,64.8,,53.3,42,16.0,v1.0,2026-09-02,1,1,1,0,1,0.973
710,71.6,S,30,90.0,79.8,71.5,43.4,47.4,53.3,8,84.0,v1.0,2026-09-02,1,1,1,1,1,0.92
711,43.3,C,196,34.7,30.2,47.6,58.6,53.1,53.3,36,28.0,v1.0,2026-09-02,1,1,1,1,1,1.0
712,63.8,A,49,83.7,62.7,65.4,56.7,42.7,53.3,12,76.0,v1.0,2026-09-02,1,1,1,1,1,0.92
713,51.4,B,142,52.7,47.5,46.5,61.1,46.6,53.3,26,48.0,v1.0,2026-09-02,1,1,1,1,1,0.947
714,56.6,B,98,67.3,69.1,59.6,40.0,33.3,53.3,19,62.0,v1.0,2026-09-02,1,1,1,1,1,0.947
715,54.8,B,109,63.7,43.5,57.2,34.7,88.3,53.3,20,60.0,v1.0,2026-09-02,1,1,1,1,1,0.88
716,46.4,B,172,42.7,62.5,19.8,40.2,61.9,53.3,32,36.0,v1.0,2026-09-02,1,1,1,1,1,0.867
717,45.5,B,178,40.7,63.0,51.2,21.5,40.2,53.3,33,34.0,v1.0,2026-09-02,1,1,1,1,1,1.0
718,22.8,D,279,7.0,42.4,8.7,29.3,43.7,53.3,50,0.0,v1.0,2026-09-02,1,1,1,1,1,0.987
719,75.4,S,18,94.0,70.5,62.7,,,53.3,2,96.0,v1.0,2026-09-02,1,1,0,0,1,0.733
720,53.7,B,119,60.3,51.0,29.0,78.1,48.9,53.3,21,58.0,v1.0,2026-09-02,1,1,1,1,1,0.88
721,43.2,C,197,34.3,,28.8,70.2,30.4,53.3,37,26.0,v1.0,2026-09-02,0,1,1,1,1,0.8
723,72.5,S,25,91.7,76.7,46.9,53.6,76.0,53.3,5,90.0,v1.0,2026-09-02,1,1,1,1,1,1.0
724,60.2,A,75,75.0,76.3,76.7,23.6,31.4,53.3,14,72.0,v1.0,2026-09-02,1,1,1,1,1,0.933
725,53.6,B,121,59.7,68.4,49.9,42.4,33.3,53.3,22,56.0,v1.0,2026-09-02,1,1,1,1,1,0.92
726,57.9,A,90,70.0,56.8,53.2,41.7,69.1,53.3,17,66.0,v1.0,2026-09-02,1,1,1,1,1,0.947
727,35.2,C,238,20.7,25.7,59.9,15.4,73.4,53.3,43,14.0,v1.0,2026-09-02,1,1,1,1,1,1.0
728,79.5,S,9,97.0,66.8,64.7,75.5,68.5,53.3,1,98.0,v1.0,2026-09-02,1,1,1,1,1,0.907
729,74.2,S,21,93.0,57.6,63.5,77.7,66.1,53.3,3,94.0,v1.0,2026-09-02,1,1,1,1,1,0.92
730,57.7,B,92,69.3,75.7,65.6,19.6,43.4,53.3,18,64.0,v1.0,2026-09-02,1,1,1,1,1,0.973
731,53.0,B,125,58.3,49.8,51.1,53.7,,53.3,23,54.0,v1.0,2026-09-02,1,1,1,0,1,0.973
732,31.9,C,254,15.3,19.2,25.2,75.7,,53.3,45,10.0,v1.0,2026-09-02,1,1,1,0,1,0.973
733,58.5,A,85,71.7,42.6,63.9,66.9,51.7,53.3,15,70.0,v1.0,2026-09-02,1,1,1,1,1,0.947
734,71.9,S,28,90.7,,54.3,76.7,,53.3,7,86.0,v1.0,2026-09-02,0,1,1,0,1,0.8
735,57.9,A,88,70.7,35.9,80.7,72.5,33.3,53.3,16,68.0,v1.0,2026-09-02,1,1,1,1,1,0.973
736,62.0,A,63,79.0,55.3,59.1,,59.4,53.3,13,74.0,v1.0,2026-09-02,1,1,1,1,1,1.0
737,48.2,B,158,47.3,47.4,54.1,54.9,33.3,53.3,28,44.0,v1.0,2026-09-02,1,1,1,1,1,0.973
738,33.9,C,247,17.7,44.1,23.1,45.4,,53.3,44,12.0,v1.0,2026-09-02,1,1,1,0,1,0.973
739,46.7,B,170,43.3,9.1,58.4,65.3,84.4,53.3,30,40.0,v1.0,2026-09-02,1,1,1,1,1,0.92
740,31.6,C,255,15.0,47.2,32.7,25.5,,53.3,46,8.0,v1.0,2026-09-02,1,1,1,0,1,0.92
741,70.2,A,33,89.0,71.3,68.7,44.6,,53.3,9,82.0,v1.0,2026-09-02,1,1,1,0,1,0.92
742,39.1,C,223,25.7,39.9,17.7,61.7,53.9,53.3,40,20.0,v1.0,2026-09-02,1,1,1,1,1,1.0
744,68.3,A,38,87.3,72.0,28.2,82.1,56.4,53.3,10,80.0,v1.0,2026-09-02,1,1,1,1,1,0.947
745,50.1,B,147,51.0,73.0,25.2,38.0,,53.3,27,46.0,v1.0,2026-09-02,1,1,1,0,1,0.973
746,23.9,D,274,8.7,29.7,55.2,14.4,31.1,53.3,49,2.0,v1.0,2026-09-02,1,1,1,1,1,1.0
747,38.3,C,224,25.3,42.1,59.8,21.9,,53.3,41,18.0,v1.0,2026-09-02,1,1,1,0,1,0.947
748,31.1,D,256,14.7,41.2,14.5,56.2,33.3,53.3,47,6.0,v1.0,2026-09-02,1,1,1,1,1,0.947
749,40.7,C,214,28.7,50.8,36.5,46.4,33.3,53.3,39,22.0,v1.0,2026-09-02,1,1,1,1,1,0.907
750,45.3,B,179,40.3,42.4,28.2,52.1,70.7,53.3,34,32.0,v1.0,2026-09-02,1,1,1,1,1,0.947
842,54.2,B,117,61.0,70.2,40.5,47.0,51.0,40.8,17,66.0,v1.0,2026-09-02,1,1,1,1,1,0.947
843,35.0,C,240,20.0,39.2,54.2,33.3,,40.8,37,26.0,v1.0,2026-09-02,1,1,1,0,1,0.973
844,41.1,C,210,30.0,,40.5,19.7,89.2,40.8,32,36.0,v1.0,2026-09-02,0,1,1,1,1,0.8
845,19.0,D,288,4.0,,40.5,19.0,,40.8,49,2.0,v1.0,2026-09-02,0,1,1,0,1,0.8
846,55.8,B,104,65.3,,40.5,75.2,,40.8,14,72.0,v1.0,2026-09-02,1,1,1,0,1,0.84
847,48.5,B,155,48.3,45.1,40.5,60.9,61.4,40.8,24,52.0,v1.0,2026-09-02,1,1,1,1,1,0.853
848,22.1,D,282,6.0,27.3,40.5,,,40.8,46,8.0,v1.0,2026-09-02,1,1,1,0,1,0.973
849,50.0,B,148,50.7,57.3,73.9,3.1,75.2,40.8,20,60.0,v1.0,2026-09-02,1,1,1,1,1,0.987
850,78.6,S,11,96.3,90.0,40.5,81.1,56.1,40.8,1,98.0,v1.0,2026-09-02,1,1,1,1,1,0.987
851,38.3,C,226,24.7,23.1,40.5,60.6,68.2,40.8,36,28.0,v1.0,2026-09-02,1,1,1,1,1,0.933
852,39.9,C,218,27.3,61.2,40.5,1.0,77.5,40.8,34,32.0,v1.0,2026-09-02,1,1,1,1,1,0.88
853,60.0,A,76,74.7,75.1,40.5,66.8,36.3,40.8,7,86.0,v1.0,2026-09-02,1,1,1,1,1,0.947
854,56.0,B,103,65.7,76.6,40.5,40.6,,40.8,13,74.0,v1.0,2026-09-02,1,1,1,0,1,0.947
855,23.1,D,278,7.3,31.5,40.5,30.7,,40.8,45,10.0,v1.0,2026-09-02,1,1,1,0,1,0.987
856,32.9,C,250,16.7,55.2,40.5,21.3,36.3,40.8,41,18.0,v1.0,2026-09-02,1,1,1,1,1,0.947
857,50.9,B,144,52.0,74.2,40.5,43.0,36.3,40.8,19,62.0,v1.0,2026-09-02,1,1,1,1,1,0.973
858,49.0,B,153,49.0,53.0,40.5,70.1,35.3,40.8,23,54.0,v1.0,2026-09-02,1,1,1,1,1,0.987
859,25.8,D,269,10.3,41.1,40.5,22.5,,40.8,42,16.0,v1.0,2026-09-02,1,1,1,0,1,0.947
860,52.3,B,131,56.3,46.1,40.5,75.1,54.7,40.8,18,64.0,v1.0,2026-09-02,1,1,1,1,1,0.973
861,33.7,C,249,17.0,19.0,40.5,66.9,51.1,40.8,40,20.0,v1.0,2026-09-02,1,1,1,1,1,0.973
862,55.4,B,105,65.0,65.2,40.5,51.6,59.2,40.8,15,70.0,v1.0,2026-09-02,1,1,1,1,1,0.92
863,21.4,D,284,5.3,35.2,40.5,19.4,36.3,40.8,47,6.0,v1.0,2026-09-02,1,1,1,1,1,0.947
864,42.1,C,205,31.7,37.7,40.5,73.2,36.3,40.8,30,40.0,v1.0,2026-09-02,1,1,1,1,1,0.947
865,33.8,C,248,17.3,52.9,40.5,29.1,34.1,40.8,39,22.0,v1.0,2026-09-02,1,1,1,1,1,0.973
866,21.0,D,286,4.7,12.2,40.5,54.4,,40.8,48,4.0,v1.0,2026-09-02,1,1,1,0,1,0.907
867,34.5,C,244,18.7,31.0,89.2,14.2,34.9,40.8,38,24.0,v1.0,2026-09-02,1,1,1,1,1,0.907
868,61.7,A,66,78.0,60.2,40.5,78.8,56.3,40.8,5,90.0,v1.0,2026-09-02,1,1,1,1,1,0.973
869,47.7,B,163,45.7,60.0,40.5,38.8,58.2,40.8,26,48.0,v1.0,2026-09-02,1,1,1,1,1,0.96
870,39.8,C,219,27.0,46.1,50.2,38.3,,40.8,35,30.0,v1.0,2026-09-02,1,1,1,0,1,0.973
871,47.9,B,162,46.0,67.9,39.7,47.4,32.9,40.8,25,50.0,v1.0,2026-09-02,1,1,1,1,1,0.973
872,56.2,B,102,66.0,51.0,48.3,71.7,,40.8,12,76.0,v1.0,2026-09-02,1,1,1,0,1,0.973
873,58.2,A,86,71.3,56.8,40.5,75.6,,40.8,10,80.0,v1.0,2026-09-02,1,1,1,0,1,0.947
874,49.8,B,150,50.0,56.4,40.5,56.3,,40.8,21,58.0,v1.0,2026-09-02,1,1,1,0,1,0.92
875,60.9,A,72,76.0,46.6,95.2,39.4,60.2,40.8,6,88.0,v1.0,2026-09-02,1,1,1,1,1,0.947
876,44.4,C,187,37.7,26.3,89.2,30.0,60.3,40.8,29,42.0,v1.0,2026-09-02,1,1,1,1,1,0.987
877,46.3,B,173,42.3,54.2,40.5,62.1,33.7,40.8,27,46.0,v1.0,2026-09-02,1,1,1,1,1,0.973
878,69.3,A,36,88.0,86.8,48.3,54.4,53.5,40.8,2,96.0,v1.0,2026-09-02,1,1,1,1,1,0.973
879,55.4,B,106,64.7,51.3,48.3,83.2,34.5,40.8,16,68.0,v1.0,2026-09-02,1,1,1,1,1,0.88
880,23.2,D,277,7.7,27.6,40.5,38.0,33.3,40.8,44,12.0,v1.0,2026-09-02,1,1,1,1,1,0.947
881,25.3,D,270,10.0,32.6,40.5,34.0,,40.8,43,14.0,v1.0,2026-09-02,1,1,1,0,1,0.947
882,56.5,B,99,67.0,53.9,40.5,88.8,36.3,40.8,11,78.0,v1.0,2026-09-02,1,1,1,1,1,0.947
883,59.8,A,78,74.0,52.0,61.7,63.3,58.1,40.8,9,82.0,v1.0,2026-09-02,1,1,1,1,1,0.947
884,16.3,D,294,2.0,,40.5,14.9,,40.8,50,0.0,v1.0,2026-09-02,0,1,1,0,1,0.8
885,41.3,C,208,30.7,33.4,40.5,70.6,,40.8,31,38.0,v1.0,2026-09-02,1,1,1,0,1,0.947
886,65.8,A,44,85.3,48.0,96.4,50.9,,40.8,4,92.0,v1.0,2026-09-02,1,1,1,0,1,0.973
887,45.2,B,180,40.0,32.1,57.2,65.3,,40.8,28,44.0,v1.0,2026-09-02,1,1,1,0,1,0.973
888,39.9,C,217,27.7,40.3,40.5,57.2,,40.8,33,34.0,v1.0,2026-09-02,1,1,1,0,1,0.973
889,59.8,A,77,74.3,53.2,59.8,65.4,,40.8,8,84.0,v1.0,2026-09-02,1,1,1,0,1,0.92
890,49.8,B,151,49.7,72.9,40.5,32.2,49.0,40.8,22,56.0,v1.0,2026-09-02,1,1,1,1,1,0.92
891,66.7,A,42,86.0,48.8,88.2,69.3,46.6,40.8,3,94.0,v1.0,2026-09-02,1,1,1,1,1,0.947
