company_id,company_name,employee_count_latest,employee_count_mean_6m,employee_growth_3m,employee_growth_6m,employee_growth_period,new_hire_count_6m,lost_employee_count_6m,net_hire_count_6m,hire_rate_6m,exit_rate_6m,net_hiring_rate_6m,positive_net_hiring_ratio,employee_growth_slope,employee_growth_acceleration,consecutive_growth_months,employee_volatility,net_hiring_volatility,employment_balance_ratio
78,주식회사 지티에스앤,61,60.833333333333336,0.0,0.1509433962264151,0.32608695652173914,21,15,6,0.34520547945205476,0.2465753424657534,0.09863013698630137,0.6666666666666666,0.02883432357116565,-0.1509433962264151,0,0.10866866928342417,0.055987023668799124,0.8333333333333334
101,주식회사 누비랩,33,36.0,-0.13157894736842105,-0.10810810810810811,-0.08333333333333333,15,23,-8,0.4166666666666667,0.6388888888888888,-0.2222222222222222,0.16666666666666666,-0.007973926525962707,-0.15860597439544807,1,0.07025838192242885,0.04864416865393962,0.7894736842105263
102,셀렉트스타 주식회사,162,167.0,-0.047058823529411764,0.08,0.02531645569620253,56,43,13,0.33532934131736525,0.25748502994011974,0.07784431137724551,0.5,-0.0071080903607525225,-0.1803921568627451,0,0.08438291409404856,0.06420509585296724,0.8686868686868687
103,주식회사 제로엑스플로우,11,9.333333333333334,0.2222222222222222,0.2222222222222222,0.0,6,4,2,0.6428571428571428,0.42857142857142855,0.21428571428571427,0.5,0.002997002997003049,0.2222222222222222,1,0.12371791482634836,0.17496355305594127,0.8
104,주식회사 투비콘,10,11.833333333333334,-0.23076923076923078,-0.2857142857142857,-0.5652173913043478,4,8,-4,0.3380281690140845,0.676056338028169,-0.3380281690140845,0.0,-0.07726699529978216,-0.15934065934065936,0,0.29074474358895097,0.10234311056104198,0.6666666666666667
105,주식회사 아이엔지스토리,51,54.0,-0.07272727272727272,-0.10526315789473684,-0.203125,17,30,-13,0.3148148148148148,0.5555555555555556,-0.24074074074074073,0.3333333333333333,-0.020617313720761987,-0.03763955342902711,0,0.08153483889429437,0.09400162467342633,0.7234042553191489
106,주식회사 튜링바이오,13,15.166666666666666,-0.13333333333333333,-0.1875,-0.23529411764705882,2,13,-11,0.13186813186813187,0.8571428571428572,-0.7252747252747253,0.16666666666666666,-0.010659610659610668,-0.07083333333333333,0,0.07028916774816206,0.21023215900779113,0.2666666666666667
107,주식회사 보미쌤,11,10.666666666666666,0.0,0.375,0.1,3,1,2,0.28125,0.09375,0.1875,0.3333333333333333,0.015384615384615385,-0.375,0,0.1044465935734187,0.09682458365518544,0.5
108,주식회사 파라메타,41,41.166666666666664,0.0,-0.08888888888888889,-0.08888888888888889,1,4,-3,0.024291497975708502,0.09716599190283401,-0.07287449392712551,0.16666666666666666,-0.012034477150756182,0.08888888888888889,1,0.05056347037252176,0.03348351923584669,0.4
109,주식회사 크립토랩,61,54.166666666666664,0.17307692307692307,0.12962962962962962,0.08928571428571429,16,11,5,0.2953846153846154,0.2030769230769231,0.09230769230769231,0.6666666666666666,0.00012831205491756415,0.2101139601139601,2,0.04528397651542361,0.07142174100900509,0.8148148148148149
110,주식회사 클래스101,84,82.0,-0.023255813953488372,-0.023255813953488372,-0.07692307692307693,43,44,-1,0.524390243902439,0.5365853658536586,-0.012195121951219513,0.5,-0.010013654984069219,-0.023255813953488372,2,0.051584602882138154,0.06518023639370665,0.9885057471264368
111,주식회사 파킹고,15,14.0,0.07142857142857142,0.07142857142857142,0.0,9,8,1,0.6428571428571429,0.5714285714285714,0.07142857142857142,0.3333333333333333,-0.0036805299963194524,0.07142857142857142,1,0.04361975863214463,0.12302867316917918,0.9411764705882353
112,주식회사 에어스메디컬,112,110.66666666666667,-0.008849557522123894,0.037037037037037035,0.07692307692307693,21,18,3,0.1897590361445783,0.16265060240963855,0.02710843373493976,0.3333333333333333,0.0054170428501979445,-0.05514585381842019,0,0.02486361365442082,0.032705351332868414,0.9230769230769231
113,주식회사 클라리파이,48,49.0,-0.07692307692307693,-0.04,0.09090909090909091,7,6,1,0.14285714285714285,0.12244897959183673,0.02040816326530612,0.3333333333333333,0.01472995090016367,-0.11692307692307694,0,0.06909311837327563,0.035151049476908336,0.9230769230769231
114,주식회사 십일리터,12,12.166666666666666,0.0,0.0,0.0,3,3,0,0.24657534246575344,0.24657534246575344,0.0,0.3333333333333333,-0.0009818360333824546,0.0,0,0.0291590425231566,0.0735145636438287,1.0
115,주식회사 딥바이오,5,6.0,-0.16666666666666666,-0.375,-0.7368421052631579,0,2,-2,0.0,0.3333333333333333,-0.3333333333333333,0.0,-0.11982611982611976,0.08333333333333334,0,0.4771141974073787,0.08606629658238706,0.0
116,주식회사 카디오헬스,24,22.5,0.09090909090909091,0.043478260869565216,0.0,5,4,1,0.2222222222222222,0.17777777777777778,0.044444444444444446,0.3333333333333333,-0.0065133422534144276,0.13438735177865613,1,0.0390037532438348,0.07655117441637815,0.8888888888888888
117,주식회사 제이앤피메디,150,156.83333333333334,-0.0625,-0.025974025974025976,0.1450381679389313,35,42,-7,0.22316684378320933,0.2678002125398512,-0.04463336875664187,0.16666666666666666,0.008134956250740018,-0.10146103896103896,0,0.05224073247923001,0.020330633867916035,0.9090909090909091
118,주식회사 디하이브,7,7.0,0.0,0.0,-0.3,0,0,0,0.0,0.0,0.0,0.0,-0.01591511936339516,0.0,0,0.11945177983233636,0.0,1.0
119,주식회사 1인치,0,4.2,-1.0,-1.0,-1.0,1,6,-5,0.23809523809523808,1.4285714285714286,-1.1904761904761905,0.0,-0.1503870967741936,-1.0,0,0.51,0.5323971374999499,0.2857142857142857
120,주식회사 온더라이브,0,0.0,,,-1.0,0,0,0,,,,0.0,-0.17848605577689244,,0,1.2328828005937953,,1.0
121,주식회사 유니드컴즈,36,38.333333333333336,-0.1,-0.1,-0.2,2,5,-3,0.05217391304347826,0.13043478260869565,-0.07826086956521738,0.16666666666666666,-0.020550877693734818,-0.1,0,0.07661776114045858,0.035958388048931006,0.5714285714285714
122,주식회사 슬래시비슬래시,33,32.5,0.03125,-0.13157894736842105,-0.32653061224489793,9,9,0,0.27692307692307694,0.27692307692307694,0.0,0.5,-0.05461480668092244,0.18914473684210525,0,0.22083287960144438,0.06454208296431703,1.0
123,주식회사 이롬넷,44,44.333333333333336,-0.022222222222222223,-0.06382978723404255,-0.10204081632653061,6,5,1,0.13533834586466165,0.11278195488721804,0.022556390977443608,0.5,-0.007386442958130797,0.020330969267139478,0,0.04953966134810627,0.04138754569781319,0.9090909090909091
124,주식회사 한국디지털에셋,17,16.333333333333332,0.0625,0.13333333333333333,0.4166666666666667,7,6,1,0.4285714285714286,0.3673469387755102,0.06122448979591837,0.3333333333333333,0.032634032634032646,-0.004166666666666666,0,0.13333333333333333,0.09808665176079931,0.9230769230769231
125,㈜에잇퍼센트,53,64.0,-0.208955223880597,-0.18461538461538463,-0.15873015873015872,6,20,-14,0.09375,0.3125,-0.21875,0.3333333333333333,-0.0073601174753543455,-0.23972445464982778,0,0.061966828431937376,0.07239395980789189,0.46153846153846156
126,주식회사 빅웨이브에이아이,19,16.666666666666668,0.1875,0.1875,0.35714285714285715,4,2,2,0.24,0.12,0.12,0.3333333333333333,0.01867242704939042,0.1875,2,0.07791282153123429,0.06196773353931867,0.6666666666666667
127,주식회사 화이트스캔,23,22.0,0.045454545454545456,0.09523809523809523,0.4375,7,6,1,0.3181818181818182,0.2727272727272727,0.045454545454545456,0.3333333333333333,0.03984251043074576,-0.0021645021645021606,0,0.16490532194752663,0.07282190812544191,0.9230769230769231
128,㈜퍼블릭에이아이,55,44.833333333333336,0.34146341463414637,0.71875,1.1153846153846154,32,9,23,0.7137546468401487,0.2007434944237918,0.5130111524163569,0.8333333333333334,0.059288537549407105,0.06021341463414637,6,0.23101946853993713,0.06216075826343041,0.4390243902439024
129,주식회사 인실리콕스,19,20.666666666666668,-0.09523809523809523,-0.09523809523809523,-0.20833333333333334,7,8,-1,0.3387096774193548,0.3870967741935484,-0.04838709677419355,0.5,-0.01834667233906773,-0.09523809523809523,0,0.07397811640945677,0.16023850589702957,0.9333333333333333
130,(주)알에스팀,9,10.666666666666666,-0.18181818181818182,-0.4375,-0.5,0,3,-3,0.0,0.28125,-0.28125,0.0,-0.07445733457294146,0.13068181818181818,0,0.2843981902310179,0.07843687748756958,0.0
131,주식회사 웹비즈크리에이티브,14,13.166666666666666,0.07692307692307693,0.16666666666666666,0.2727272727272727,5,3,2,0.379746835443038,0.2278481012658228,0.1518987341772152,0.5,0.023565475620270147,-0.006410256410256401,1,0.09161431709962402,0.10376659003503393,0.75
132,주식회사 소이정,17,17.166666666666668,-0.05555555555555555,0.0625,0.0625,2,1,1,0.11650485436893203,0.058252427184466014,0.058252427184466014,0.16666666666666666,0.012714558169103635,-0.18055555555555555,0,0.06060606060606061,0.057273325063116984,0.6666666666666667
133,오픈버스주식회사,12,12.0,0.0,0.0,-0.2,0,0,0,0.0,0.0,0.0,0.0,-0.01806140878988558,0.0,0,0.08611586777092703,0.0,1.0
134,주식회사 지오앤,56,55.166666666666664,0.037037037037037035,-0.034482758620689655,0.0,13,12,1,0.23564954682779457,0.21752265861027192,0.01812688821752266,0.3333333333333333,-0.003889789303079397,0.10600255427841634,0,0.03331016552003923,0.035180487318452296,0.96
135,주식회사 대한측량기술,19,18.333333333333332,0.05555555555555555,0.05555555555555555,0.0,4,5,-1,0.2181818181818182,0.27272727272727276,-0.05454545454545455,0.5,-0.000762873490146187,0.05555555555555555,0,0.03552757894248707,0.08028873514843499,0.8888888888888888
136,주식회사 에드업,19,18.333333333333332,0.05555555555555555,0.11764705882352941,-0.05,5,2,3,0.27272727272727276,0.1090909090909091,0.16363636363636364,0.5,-0.008102414519526834,-0.0032679738562091526,1,0.05664972756531444,0.029875775863918153,0.5714285714285714
138,주식회사 셈틀컴퍼니,11,10.666666666666666,0.0,0.1,-0.26666666666666666,1,0,1,0.09375,0.0,0.09375,0.16666666666666666,-0.02591526120937879,-0.1,0,0.17780246062616364,0.03827327723098716,0.0
139,맑은샘파트너스(주),12,12.666666666666666,0.0,-0.07692307692307693,-0.2,1,3,-2,0.07894736842105264,0.2368421052631579,-0.15789473684210528,0.16666666666666666,-0.01873598100013191,0.07692307692307693,0,0.07964450611488096,0.08153649149910351,0.5
141,(주)엔지아이,15,15.166666666666666,-0.0625,-0.16666666666666666,-0.11764705882352941,4,4,0,0.26373626373626374,0.26373626373626374,0.0,0.16666666666666666,-0.009446051330868064,0.048611111111111105,0,0.08238987458962345,0.07222715044024168,1.0
142,주식회사 데이터메티카,10,9.5,0.1111111111111111,-0.09090909090909091,-0.09090909090909091,2,3,-1,0.21052631578947367,0.3157894736842105,-0.10526315789473684,0.3333333333333333,-0.017397236909431957,0.29292929292929293,0,0.08449028329604279,0.12305738888947497,0.8
143,(주)지아이랩,13,13.333333333333334,0.0,0.0,-0.07142857142857142,5,5,0,0.375,0.375,0.0,0.16666666666666666,-0.005698005698005687,0.0,0,0.03868392354571063,0.14230249470757705,1.0
144,주식회사 와이티아이엔에스,31,32.5,-0.03125,-0.06060606060606061,0.03333333333333333,9,11,-2,0.27692307692307694,0.3384615384615385,-0.06153846153846154,0.3333333333333333,0.009905214149245965,-0.0009469696969696961,0,0.05506193609588218,0.0538827714320562,0.9
145,디케이소프트 주식회사,20,19.166666666666668,0.05263157894736842,0.05263157894736842,0.17647058823529413,3,1,2,0.15652173913043477,0.05217391304347826,0.10434782608695652,0.16666666666666666,0.017817798639716463,0.05263157894736842,0,0.07057846732405856,0.042599821613620484,0.5
146,가온플랫폼 주식회사,52,49.333333333333336,0.04,0.18181818181818182,0.15555555555555556,11,4,7,0.22297297297297297,0.08108108108108107,0.14189189189189189,0.6666666666666666,0.018522018522018516,-0.09636363636363635,2,0.08556014967513266,0.055016764826546716,0.5333333333333333
147,주식회사 에이엑스알,19,18.333333333333332,-0.05,0.35714285714285715,0.11764705882352941,8,3,5,0.4363636363636364,0.16363636363636364,0.27272727272727276,0.8333333333333334,0.01278721278721285,-0.47857142857142854,1,0.09592823539023058,0.11134044285378084,0.5454545454545454
148,주식회사 스토리튠즈,12,13.166666666666666,-0.07692307692307693,-0.14285714285714285,-0.2,1,3,-2,0.0759493670886076,0.2278481012658228,-0.1518987341772152,0.16666666666666666,-0.016020343293070543,-0.005494505494505503,0,0.06298366572977736,0.07844016903711223,0.5
149,주식회사 뉴로나인,10,10.0,0.0,-0.23076923076923078,-0.16666666666666666,0,0,0,0.0,0.0,0.0,0.0,-0.02442333785617367,0.23076923076923078,0,0.11348995205604608,0.0,1.0
150,주식회사 아보엠디코리아,15,15.166666666666666,0.0,0.0,0.07142857142857142,1,3,-2,0.06593406593406594,0.19780219780219782,-0.13186813186813187,0.0,0.005391256787904819,0.0,0,0.0345203564610796,0.05383493940182809,0.5
151,주식회사 파블로항공,226,236.16666666666666,-0.046413502109704644,-0.08870967741935484,0.674074074074074,6,30,-24,0.025405786873676783,0.12702893436838392,-0.10162314749470713,0.0,0.03787248300385859,-0.002058663400027222,0,0.21714572921447803,0.008881938022612435,0.33333333333333337
251,주식회사 아르고스다인,42,38.666666666666664,0.07692307692307693,0.3125,0.6153846153846154,20,10,10,0.5172413793103449,0.25862068965517243,0.25862068965517243,0.6666666666666666,0.043809132044426165,-0.14182692307692307,7,0.16158229871377677,0.05085476277156078,0.6666666666666667
252,주식회사 아스트로엑스,16,17.0,0.0,-0.1111111111111111,-0.3333333333333333,3,5,-2,0.17647058823529413,0.29411764705882354,-0.11764705882352941,0.16666666666666666,-0.038261298173192425,0.1111111111111111,0,0.16634364627383022,0.060752679940508494,0.75
253,주식회사 나르마,21,20.0,0.10526315789473684,0.05,0.05,6,5,1,0.3,0.25,0.05,0.3333333333333333,-0.00017409975916197494,0.15526315789473683,2,0.04483004003544499,0.037638632635454056,0.9090909090909091
254,㈜에이디시스템,30,27.833333333333332,0.07142857142857142,0.2,0.42857142857142855,7,5,2,0.25149700598802394,0.17964071856287425,0.0718562874251497,0.5,0.030677519202109354,-0.04857142857142857,1,0.1143488693525675,0.04351114281337713,0.8333333333333334
255,(주)엠지아이티,11,11.5,-0.08333333333333333,-0.08333333333333333,-0.3125,1,5,-4,0.08695652173913043,0.43478260869565216,-0.34782608695652173,0.0,-0.044564131520653257,-0.08333333333333333,0,0.17539899187899555,0.07099970268936748,0.33333333333333337
256,(주)필드로,8,8.333333333333334,-0.1111111111111111,0.0,-0.38461538461538464,1,1,0,0.12,0.12,0.0,0.16666666666666666,-0.046374677953625265,-0.2361111111111111,0,0.20322258929756268,0.0758946638440411,1.0
257,(주)시스콘로보틱스,101,98.33333333333333,0.020202020202020204,0.06315789473684211,0.14772727272727273,33,28,5,0.3355932203389831,0.2847457627118644,0.05084745762711865,0.5,0.013713478726764847,-0.021903242955874532,1,0.05829754711037851,0.027601631167216662,0.9180327868852459
258,수퍼빈 주식회사,208,201.66666666666666,0.06666666666666667,0.07772020725388601,0.04,55,51,4,0.27272727272727276,0.2528925619834711,0.019834710743801654,0.6666666666666666,0.0045454545454545895,0.05630397236614853,1,0.024152294576982397,0.024627544505374115,0.9622641509433962
259,(주)케이엠 티엘에스,41,37.166666666666664,0.17142857142857143,0.10810810810810811,0.10810810810810811,11,10,1,0.29596412556053814,0.26905829596412556,0.026905829596412557,0.5,0.003693823106915642,0.2254826254826255,1,0.042373253903865364,0.046342639220677356,0.9523809523809523
260,(주)로보아이,13,12.5,0.0,0.08333333333333333,-0.07142857142857142,5,3,2,0.4,0.24,0.16,0.5,-0.003612281757977102,-0.08333333333333333,0,0.053130431000385815,0.06531972647421808,0.75
262,주식회사 나인랩스,16,14.666666666666666,0.06666666666666667,0.3333333333333333,0.6,9,5,4,0.6136363636363636,0.34090909090909094,0.27272727272727276,0.5,0.04795204795204799,-0.18333333333333335,0,0.18148054330617897,0.12694763676153584,0.7142857142857143
263,주식회사 에이로봇,54,43.0,0.35,0.7419354838709677,1.16,34,7,27,0.7906976744186046,0.16279069767441862,0.627906976744186,1.0,0.06842690020260114,0.05967741935483867,6,0.2570595455724336,0.07317271033745244,0.3414634146341463
264,주식회사 세이프틱스,18,19.666666666666668,-0.14285714285714285,-0.14285714285714285,-0.1,0,3,-3,0.0,0.15254237288135591,-0.15254237288135591,0.0,-0.008182688680613972,-0.14285714285714285,0,0.0579834101019742,0.04254203524749536,0.0
265,신스타프리젠츠 주식회사,21,18.833333333333332,0.10526315789473684,0.23529411764705882,0.0,5,0,5,0.26548672566371684,0.0,0.26548672566371684,0.6666666666666666,-0.00018648018648016184,-0.012383900928792574,2,0.09945304968128976,0.03997022934738483,0.0
266,주식회사 모라이,63,59.0,0.06779661016949153,0.16666666666666666,0.0,16,7,9,0.2711864406779661,0.11864406779661017,0.15254237288135594,0.8333333333333334,0.0028131640114522037,-0.024795982423101062,4,0.05081198015997474,0.02336279449506817,0.6086956521739131
267,페리지에어로스페이스 주식회사,40,35.5,0.17647058823529413,0.21212121212121213,0.25,12,4,8,0.3380281690140845,0.11267605633802817,0.22535211267605634,0.6666666666666666,0.01637387003240664,0.14616755793226383,5,0.07676324900789308,0.04240972691318766,0.5
268,(주) 휴에버그린팜,8,8.0,0.0,0.0,-0.2,1,1,0,0.125,0.125,0.0,0.16666666666666666,-0.02221308103661042,0.0,0,0.10641576867450481,0.07905694150420949,1.0
269,주식회사 퓨처이브이,11,11.0,0.0,0.0,0.0,0,0,0,0.0,0.0,0.0,0.0,0.008131403480240695,0.0,0,0.05782154051237777,0.0,1.0
270,나노일렉트로닉스 주식회사,23,21.833333333333332,0.045454545454545456,0.09523809523809523,0.4375,2,0,2,0.0916030534351145,0.0,0.0916030534351145,0.3333333333333333,0.02225305059313157,-0.0021645021645021606,1,0.09138097078500004,0.023651806694396444,0.0
271,㈜에스플러스컴텍,7,7.166666666666667,0.0,0.0,-0.3,1,3,-2,0.13953488372093023,0.41860465116279066,-0.27906976744186046,0.0,-0.021445221445221405,0.0,0,0.12060453783110545,0.11392975547828735,0.5
272,주식회사 아이디케이랩,18,17.166666666666668,0.058823529411764705,0.058823529411764705,0.058823529411764705,4,5,-1,0.23300970873786406,0.2912621359223301,-0.058252427184466014,0.16666666666666666,0.0022514071294559156,0.058823529411764705,1,0.01689805665920856,0.09332516381124593,0.8888888888888888
273,내일테크놀로지 주식회사,19,18.333333333333332,0.05555555555555555,0.05555555555555555,0.05555555555555555,3,3,0,0.16363636363636364,0.16363636363636364,0.0,0.16666666666666666,0.006767426122264876,0.05555555555555555,0,0.04978820114535595,0.059751551727836305,1.0
274,㈜에이엔폴리,29,26.833333333333332,0.07407407407407407,0.11538461538461539,0.03571428571428571,5,1,4,0.1863354037267081,0.037267080745341616,0.14906832298136646,0.5,-0.004234297812279472,0.035612535612535606,2,0.047268147840883255,0.03042844400972892,0.33333333333333337
275,주식회사 씨엠원,46,45.666666666666664,0.022222222222222223,0.022222222222222223,0.06976744186046512,5,5,0,0.10948905109489052,0.10948905109489052,0.0,0.16666666666666666,0.005927158343515228,0.022222222222222223,0,0.026618950547502827,0.01384939121241626,1.0
276,주식회사 위즈윙,11,11.666666666666666,-0.08333333333333333,-0.08333333333333333,-0.21428571428571427,2,3,-1,0.17142857142857143,0.2571428571428572,-0.08571428571428572,0.16666666666666666,-0.020836306550592237,-0.08333333333333333,0,0.0861460984507896,0.06452337023220694,0.8
277,주식회사 다온아이앤씨,68,60.333333333333336,0.15254237288135594,0.2830188679245283,0.23636363636363636,22,8,14,0.36464088397790057,0.13259668508287292,0.23204419889502761,0.6666666666666666,0.014147936000323838,0.03933482571154462,2,0.06964520645740067,0.04990757918513244,0.5333333333333333
278,주식회사 무지개연구소,24,21.0,0.09090909090909091,0.5,0.5,10,1,9,0.47619047619047616,0.047619047619047616,0.42857142857142855,0.8333333333333334,0.06389391199517777,-0.28409090909090906,2,0.16182175277538585,0.03984095364447979,0.18181818181818177
279,주식회사 주원테크놀러지,13,12.833333333333334,0.0,0.08333333333333333,0.18181818181818182,1,0,1,0.07792207792207792,0.0,0.07792207792207792,0.16666666666666666,0.02039627039627039,-0.08333333333333333,0,0.07945521577046603,0.03181155510108023,0.0
280,주식회사 토르드라이브,0,3.5,,-1.0,-1.0,0,7,-7,0.0,2.0,-2.0,0.0,-0.12549769071508207,,0,0.5672055996773088,1.4142135623730951,0.0
281,주식회사 유일에프엠에스,14,14.0,0.0,0.0,0.2727272727272727,2,2,0,0.14285714285714285,0.14285714285714285,0.0,0.16666666666666666,0.02517482517482515,0.0,0,0.116519383047088,0.045175395145262566,1.0
282,(주)이노드,13,13.0,,,0.0,0,1,-1,0.0,0.07692307692307693,-0.07692307692307693,0.0,,,0,0.0,0.05439282932204212,0.0
283,주식회사 에이스이노테크,21,20.833333333333332,0.0,0.05,0.4,5,3,2,0.24000000000000002,0.14400000000000002,0.096,0.5,0.02000531114455162,-0.05,0,0.09191588284334111,0.03919183588453085,0.75
284,주식회사 스마티,27,24.166666666666668,0.17391304347826086,0.125,0.17391304347826086,6,3,3,0.2482758620689655,0.12413793103448276,0.12413793103448276,0.3333333333333333,0.006701631701631729,0.21557971014492752,2,0.05330017908890261,0.07285579391031313,0.6666666666666667
285,㈜코아팀즈,8,8.0,0.0,0.0,-0.2,1,1,0,0.125,0.125,0.0,0.16666666666666666,-0.01059546514091963,0.0,0,0.07534321945552255,0.07905694150420949,1.0
286,주식회사 무하기술,14,15.166666666666666,-0.06666666666666667,-0.06666666666666667,0.4,1,2,-1,0.06593406593406594,0.13186813186813187,-0.06593406593406594,0.16666666666666666,0.03729603729603728,-0.06666666666666667,0,0.17155204313612116,0.04963336171708226,0.6666666666666667
287,(주)카텍에이치,12,11.666666666666666,-0.07692307692307693,0.09090909090909091,-0.29411764705882354,5,3,2,0.4285714285714286,0.2571428571428572,0.17142857142857143,0.5,-0.03318250377073904,-0.25874125874125875,1,0.177359614457508,0.117108008753824,0.75
288,(주)루벤틱스에이디엠,25,24.5,0.041666666666666664,0.041666666666666664,0.041666666666666664,3,2,1,0.12244897959183673,0.08163265306122448,0.04081632653061224,0.5,0.001724303094166166,0.041666666666666664,1,0.020234217695232776,0.040130288989803066,0.8
289,주식회사 넥스트에어로스페이스,125,119.5,0.03305785123966942,0.13636363636363635,0.1792452830188679,33,18,15,0.27615062761506276,0.1506276150627615,0.12552301255230125,0.6666666666666666,0.016014754476292956,-0.06694214876033058,1,0.06126670407598488,0.027373099972880545,0.7058823529411764
290,㈜알에이치포커스,22,20.5,0.1,0.1,0.047619047619047616,4,2,2,0.1951219512195122,0.0975609756097561,0.0975609756097561,0.3333333333333333,0.007281974224122999,0.1,0,0.05106730418622518,0.06664683425014373,0.6666666666666667
291,주식회사 자이브솔루션즈,13,12.166666666666666,0.08333333333333333,0.08333333333333333,0.08333333333333333,1,1,0,0.08219178082191782,0.08219178082191782,0.0,0.0,0.0031830238726790693,0.08333333333333333,1,0.02389035596646727,0.0,1.0
292,(주)프리뉴,123,124.33333333333333,-0.016,0.01652892561983471,0.025,12,11,1,0.096514745308311,0.08847184986595175,0.00804289544235925,0.5,0.0027326811587327247,-0.04905785123966942,0,0.015844618944942802,0.019972740517092948,0.9565217391304348
293,주식회사 리하이,19,17.8,0.11764705882352941,,0.11764705882352941,4,1,3,0.2247191011235955,0.056179775280898875,0.16853932584269662,0.4,0.03370786516853919,,0,0.061541860393838896,0.07537307789325133,0.4
294,주식회사 디시스,10,10.0,,,0.0,0,0,0,0.0,0.0,0.0,0.0,,,0,0.0,0.0,1.0
295,코가로보틱스 주식회사,5,13.333333333333334,-0.16666666666666666,-0.8387096774193549,-0.9180327868852459,0,27,-27,0.0,2.025,-2.025,0.0,-0.18881118881118872,0.6397849462365591,0,0.7065332807695167,0.6464808581852984,0.0
296,(주)로브로스,58,47.5,0.3488372093023256,0.48717948717948717,0.7575757575757576,33,16,17,0.6947368421052632,0.3368421052631579,0.35789473684210527,0.8333333333333334,0.05380103767200543,0.24627310673822303,4,0.21099854492766779,0.07696937309864568,0.653061224489796
297,주식회사 유성에프에이(Yoo Sung FA),21,19.666666666666668,0.05,0.23529411764705882,0.5,8,4,4,0.4067796610169491,0.20338983050847456,0.20338983050847456,0.3333333333333333,0.042363433667781496,-0.1264705882352941,1,0.1623282511858913,0.09998563527967881,0.6666666666666667
298,주식회사 협화산업,35,38.166666666666664,-0.07894736842105263,-0.125,-0.10256410256410256,15,20,-5,0.39301310043668125,0.5240174672489083,-0.13100436681222707,0.16666666666666666,-0.0031012465795074162,-0.028947368421052624,0,0.04061733621712293,0.05599063903868859,0.8571428571428572
299,농업회사법인 플랜티팜 주식회사,45,47.333333333333336,-0.0425531914893617,0.022727272727272728,0.15384615384615385,16,16,0,0.3380281690140845,0.3380281690140845,0.0,0.5,0.01650035357900529,-0.11073500967117988,0,0.07453089416528988,0.04225352112676056,1.0
300,주식회사 티에프씨,14,13.0,0.0,0.2727272727272727,0.2727272727272727,3,0,3,0.23076923076923078,0.0,0.23076923076923078,0.16666666666666666,0.027972027972027982,-0.2727272727272727,0,0.12309149097933274,0.09421114395319916,0.0
401,주식회사 생활한방연구소,5,4.666666666666667,0.25,-0.2857142857142857,-0.5454545454545454,3,4,-1,0.6428571428571428,0.8571428571428571,-0.21428571428571427,0.3333333333333333,-0.1039415130324221,0.6785714285714286,0,0.412520063032342,0.31542003094028026,0.8571428571428572
402,주식회사 이노백,13,13.166666666666666,0.0,-0.07142857142857142,-0.1875,1,4,-3,0.0759493670886076,0.3037974683544304,-0.2278481012658228,0.16666666666666666,-0.02652519893899204,0.07142857142857142,0,0.10804820024836417,0.07965636821545456,0.4
403,주식회사 굳티셀,13,12.666666666666666,0.0,0.08333333333333333,-0.1875,2,1,1,0.15789473684210528,0.07894736842105264,0.07894736842105264,0.3333333333333333,-0.014340090289457336,-0.08333333333333333,0,0.09063921135795265,0.059429419950716926,0.6666666666666667
404,제닉스큐어 주식회사,19,19.333333333333332,-0.05,0.05555555555555555,0.0,3,2,1,0.15517241379310345,0.10344827586206898,0.05172413793103449,0.5,0.003490401396160572,-0.1611111111111111,0,0.02971969697369354,0.05085476277156079,0.8
405,주식회사 스템온,13,14.0,-0.07142857142857142,-0.13333333333333333,-0.23529411764705882,1,4,-3,0.07142857142857142,0.2857142857142857,-0.21428571428571427,0.0,-0.02377622377622374,-0.004761904761904759,0,0.09428090415820635,0.03912303982179758,0.4
406,주식회사 레이메드,10,6.833333333333333,0.6666666666666666,1.5,-0.2857142857142857,7,0,7,1.024390243902439,0.0,1.024390243902439,0.5,-0.06548591595320566,0.16666666666666663,0,0.5003115617482291,0.2154088016177524,0.0
407,㈜제이디바이오사이언스,16,15.833333333333334,0.06666666666666667,-0.15789473684210525,-0.2,1,5,-4,0.06315789473684211,0.3157894736842105,-0.25263157894736843,0.0,-0.03901079763148724,0.2771929824561403,1,0.13600183409424405,0.1031364102224496,0.33333333333333337
409,주식회사 제이인츠바이오,31,30.0,0.03333333333333333,0.10714285714285714,0.0,4,1,3,0.13333333333333333,0.03333333333333333,0.1,0.6666666666666666,0.001875219752314728,-0.03809523809523809,0,0.037362263398170684,0.02788866755113585,0.4
410,프로지니어㈜,13,11.666666666666666,0.08333333333333333,0.4444444444444444,0.3,5,1,4,0.4285714285714286,0.08571428571428572,0.34285714285714286,0.5,0.027646771832818353,-0.25,0,0.12621405121859872,0.06998542122237653,0.33333333333333337
411,주식회사 핀테라퓨틱스,41,40.666666666666664,-0.023809523809523808,0.17142857142857143,0.05128205128205128,9,4,5,0.2213114754098361,0.09836065573770493,0.12295081967213116,0.3333333333333333,0.008068854222700348,-0.22380952380952382,1,0.061848480939028436,0.04235413338611087,0.6153846153846154
412,㈜씨비에이치,17,14.166666666666666,0.21428571428571427,0.3076923076923077,0.21428571428571427,5,4,1,0.35294117647058826,0.2823529411764706,0.07058823529411765,0.16666666666666666,0.0034553681612505835,0.13736263736263735,1,0.07868053115614768,0.02881752638568445,0.8888888888888888
413,주식회사 아이클로,14,11.333333333333334,0.4,0.4,0.2727272727272727,4,0,4,0.3529411764705882,0.0,0.3529411764705882,0.3333333333333333,0.02114164904862582,0.4,1,0.11981925848037848,0.09112901991076275,0.0
414,주식회사 로즈랩,26,25.833333333333332,0.04,0.0,0.13043478260869565,4,4,0,0.15483870967741936,0.15483870967741936,0.0,0.16666666666666666,0.008723949318008756,0.07846153846153847,0,0.051012159551052226,0.024482149627110036,1.0
415,(주)에이슨,15,16.666666666666668,-0.16666666666666666,-0.16666666666666666,-0.16666666666666666,5,7,-2,0.3,0.42,-0.12,0.3333333333333333,-0.017697941868557967,-0.16666666666666666,0,0.08559480745165232,0.12393546707863731,0.8333333333333334
416,주식회사 아이넥스코퍼레이션,26,25.5,0.0,0.08333333333333333,0.18181818181818182,7,5,2,0.27450980392156865,0.19607843137254902,0.0784313725490196,0.3333333333333333,0.027520866230543627,-0.08333333333333333,1,0.12319818380596793,0.0882715974699824,0.8333333333333334
417,주식회사 옴니씨앤에스,49,49.0,0.0,0.020833333333333332,0.06521739130434782,2,2,0,0.04081632653061224,0.04081632653061224,0.0,0.16666666666666666,0.004260799441522339,-0.020833333333333332,0,0.020575660996123,0.012907255755789304,1.0
418,주식회사 마이크로트,27,25.666666666666668,0.22727272727272727,-0.1,-0.12903225806451613,11,14,-3,0.42857142857142855,0.5454545454545454,-0.11688311688311688,0.5,-0.028785168320052047,0.4939393939393939,2,0.14370101875658714,0.14733249663264186,0.88
419,㈜메디씽큐,39,35.666666666666664,0.14705882352941177,0.05405405405405406,0.14705882352941177,10,5,5,0.28037383177570097,0.14018691588785048,0.14018691588785048,0.3333333333333333,0.004117377949153636,0.22813990461049286,2,0.04681385663196572,0.06495159010801517,0.6666666666666667
420,(주)원소프트다임,14,12.666666666666666,0.16666666666666666,0.16666666666666666,0.4,3,1,2,0.2368421052631579,0.07894736842105264,0.15789473684210528,0.5,0.026700572155117615,0.16666666666666666,0,0.11004521710921734,0.06446025638903101,0.5
421,주식회사 래디센,15,13.833333333333334,0.15384615384615385,0.15384615384615385,-0.2857142857142857,2,0,2,0.14457831325301204,0.0,0.14457831325301204,0.3333333333333333,-0.03158639113695292,0.15384615384615385,0,0.24363681243692364,0.037329959963444986,0.0
422,주식회사 리플라,30,29.166666666666668,0.034482758620689655,0.0,-0.03225806451612903,5,6,-1,0.17142857142857143,0.2057142857142857,-0.03428571428571429,0.16666666666666666,-0.008071025020177628,0.067816091954023,1,0.031383732195679706,0.059053763121206,0.9090909090909091
423,주식회사 네오켄바이오,22,18.166666666666668,0.2222222222222222,0.29411764705882354,0.375,8,3,5,0.4403669724770642,0.16513761467889906,0.2752293577981651,0.5,0.014379986210972131,0.1633986928104575,1,0.09342605043254647,0.06435111162110158,0.5454545454545454
424,"주식회사 코넥스트(CONNEXT Co.,Ltd.)",17,17.833333333333332,-0.05555555555555555,-0.05555555555555555,-0.05555555555555555,1,2,-1,0.05607476635514019,0.11214953271028039,-0.05607476635514019,0.16666666666666666,-0.004662004662004715,-0.05555555555555555,0,0.019779210662560772,0.05513226618225281,0.6666666666666667
425,제이투에이치바이오텍㈜,35,34.166666666666664,0.06060606060606061,0.0,0.09375,3,2,1,0.0878048780487805,0.05853658536585366,0.02926829268292683,0.3333333333333333,0.006941206941206951,0.11774891774891774,0,0.03816465270115759,0.022032370323192618,0.8
426,주식회사 아이원바이오,8,8.666666666666666,-0.1111111111111111,-0.1111111111111111,-0.2727272727272727,0,1,-1,0.0,0.11538461538461539,-0.11538461538461539,0.0,-0.03174217087260562,-0.1111111111111111,0,0.12151305943109374,0.047105571976599585,0.0
427,주식회사 클리셀,12,12.833333333333334,-0.07692307692307693,-0.2,-0.2,2,7,-5,0.15584415584415584,0.5454545454545454,-0.3896103896103896,0.16666666666666666,-0.03322688871821817,0.056410256410256404,0,0.13377930129379062,0.09109443073636458,0.4444444444444444
428,㈜디자인셀,9,9.666666666666666,0.0,-0.25,-0.35714285714285715,0,3,-3,0.0,0.3103448275862069,-0.3103448275862069,0.0,-0.040676880371536855,0.25,0,0.16781270885875932,0.086551037227663,0.0
429,주식회사 해우기술,19,15.833333333333334,0.35714285714285715,0.26666666666666666,0.35714285714285715,5,1,4,0.3157894736842105,0.06315789473684211,0.25263157894736843,0.5,0.024143454311052057,0.4238095238095238,3,0.11239013794866522,0.07648800894562084,0.33333333333333337
430,주식회사 셀트릭스,38,38.0,-0.02564102564102564,0.02702702702702703,0.02702702702702703,2,1,1,0.05263157894736842,0.02631578947368421,0.02631578947368421,0.16666666666666666,0.005832732290131362,-0.07969507969507969,0,0.03210985514474557,0.025873475796057237,0.6666666666666667
431,주식회사 키프로젠,10,10.833333333333334,-0.09090909090909091,-0.09090909090909091,0.0,1,2,-1,0.0923076923076923,0.1846153846153846,-0.0923076923076923,0.16666666666666666,0.007992007992007995,-0.09090909090909091,0,0.04973647313019938,0.06948670640391517,0.6666666666666667
432,주식회사 미소진,17,16.666666666666668,0.0,0.0625,0.0625,1,0,1,0.06,0.0,0.06,0.16666666666666666,0.0016783216783216816,-0.0625,0,0.02954195783503985,0.02449489742783178,0.0
433,주식회사 더바이로셀,12,12.5,-0.07692307692307693,0.2,0.2,3,1,2,0.24,0.08,0.16,0.3333333333333333,0.02703962703962705,-0.3769230769230769,0,0.12060453783110543,0.08262364471909155,0.5
434,주식회사 노벨티노빌리티,21,21.333333333333332,-0.045454545454545456,0.05,-0.4,5,4,1,0.234375,0.1875,0.046875,0.16666666666666666,-0.014418014418014394,-0.14545454545454545,0,0.20857219398730195,0.04608712876172696,0.8888888888888888
435,(주)리메드브레인스팀,11,12.333333333333334,-0.15384615384615385,-0.15384615384615385,-0.3888888888888889,5,5,0,0.4054054054054054,0.4054054054054054,0.0,0.16666666666666666,-0.051440085338390396,-0.15384615384615385,0,0.20261794980927902,0.05128017827300074,1.0
436,시스루테크 주식회사,42,36.5,0.23529411764705882,0.23529411764705882,0.23529411764705882,16,10,6,0.4383561643835616,0.273972602739726,0.1643835616438356,0.5,0.016183816183816205,0.23529411764705882,1,0.07608217410845096,0.06931019529136175,0.7692307692307692
437,주식회사 크럭셀,17,15.833333333333334,0.0625,0.21428571428571427,0.3076923076923077,3,0,3,0.18947368421052632,0.0,0.18947368421052632,0.3333333333333333,0.024043372357979112,-0.08035714285714285,0,0.09888568997165229,0.05284168588636266,0.0
438,상트네어바이오사이언스(주),23,22.5,0.15,0.045454545454545456,0.0,7,6,1,0.3111111111111111,0.26666666666666666,0.044444444444444446,0.3333333333333333,0.0003085150143973798,0.2409090909090909,0,0.05747108358343496,0.09497671362859027,0.9230769230769231
439,(주)팍스젠바이오,11,11.833333333333334,0.0,-0.21428571428571427,-0.15384615384615385,0,4,-4,0.0,0.3380281690140845,-0.3380281690140845,0.0,-0.02397602397602395,0.21428571428571427,0,0.10936043614554343,0.06899971106431488,0.0
441,주식회사 아이앤팜,17,16.666666666666668,0.0,0.13333333333333333,0.0625,2,0,2,0.12,0.0,0.12,0.3333333333333333,0.00891336642631983,-0.13333333333333333,0,0.049303303280751866,0.030983866769659335,0.0
442,주식회사 심플플래닛,28,30.333333333333332,-0.125,-0.034482758620689655,-0.125,8,9,-1,0.26373626373626374,0.2967032967032967,-0.03296703296703297,0.3333333333333333,3.066053723432043e-17,-0.22844827586206895,0,0.05124707431905383,0.060489489866034654,0.9411764705882353
443,㈜이엔지케이,31,32.333333333333336,-0.06060606060606061,0.03333333333333333,0.03333333333333333,7,4,3,0.21649484536082472,0.12371134020618556,0.09278350515463916,0.3333333333333333,0.01345393736698085,-0.1606060606060606,0,0.06422164746747794,0.061077580385973704,0.7272727272727273
444,주식회사 메디덴,19,17.166666666666668,0.11764705882352941,0.1875,0.26666666666666666,6,2,4,0.3495145631067961,0.11650485436893203,0.23300970873786406,0.6666666666666666,0.023589185265832,0.05514705882352941,0,0.09383360697439647,0.060162848096425886,0.5
445,주식회사 프라임덴탈,23,23.666666666666668,-0.041666666666666664,0.0,0.0,2,2,0,0.08450704225352113,0.08450704225352113,0.0,0.3333333333333333,0.002397602397602418,-0.08514492753623187,0,0.021101398453599898,0.03779269821126405,1.0
446,주식회사 와이유,32,33.0,-0.058823529411764705,,-0.058823529411764705,1,2,-1,0.030303030303030304,0.06060606060606061,-0.030303030303030304,0.25,-0.024242424242424204,,0,0.03499092540543186,0.03813047694581186,0.6666666666666667
447,넥서스파마 주식회사,53,63.166666666666664,-0.22058823529411764,-0.2638888888888889,-0.1016949152542373,15,30,-15,0.237467018469657,0.474934036939314,-0.237467018469657,0.3333333333333333,-0.008110446254776135,-0.1650326797385621,0,0.10050645190657678,0.053685989312337215,0.6666666666666667
448,나눔제약 주식회사,29,28.833333333333332,0.0,0.03571428571428571,0.03571428571428571,2,1,1,0.06936416184971099,0.034682080924855495,0.034682080924855495,0.16666666666666666,0.00430654389598674,-0.03571428571428571,0,0.01812065632414442,0.014158900247301608,0.6666666666666667
450,㈜에이치앤비바이오,15,11.333333333333334,0.5,0.6666666666666666,0.5,8,3,5,0.7058823529411764,0.2647058823529412,0.4411764705882353,0.5,0.03786457444994036,0.3888888888888889,4,0.186621954878056,0.08675224237501544,0.5454545454545454
551,엘씨스퀘어(주),24,21.5,0.14285714285714285,0.09090909090909091,0.2631578947368421,4,1,3,0.18604651162790697,0.046511627906976744,0.13953488372093023,0.3333333333333333,0.02288620470438652,0.18831168831168832,1,0.09879718213840878,0.06411185466088475,0.4
552,주식회사 아임시스템,12,12.666666666666666,0.0,0.0,-0.07692307692307693,5,5,0,0.39473684210526316,0.39473684210526316,0.0,0.3333333333333333,0.001971183179236881,0.0,0,0.053843591148042005,0.07061267297367757,1.0
553,(주)에너시스,13,13.833333333333334,0.08333333333333333,-0.07142857142857142,-0.07142857142857142,6,8,-2,0.43373493975903615,0.5783132530120482,-0.14457831325301204,0.16666666666666666,-0.007731958762886618,0.22619047619047616,0,0.07714757498502972,0.059023849223691034,0.8571428571428572
554,주식회사 다빈시스템스,9,9.166666666666666,0.125,-0.1,-0.25,3,5,-2,0.32727272727272727,0.5454545454545455,-0.2181818181818182,0.16666666666666666,-0.0365874125874126,0.325,0,0.15017081183529885,0.08907235428302467,0.75
555,주식회사 맥파이테크,23,21.5,0.09523809523809523,0.15,0.21052631578947367,5,3,2,0.23255813953488372,0.13953488372093023,0.09302325581395349,0.3333333333333333,0.016137708445400765,0.04523809523809523,1,0.06371038885270477,0.04803700274365788,0.75
556,주식회사 엘에스켐,27,26.333333333333332,0.038461538461538464,0.038461538461538464,0.0,1,1,0,0.0379746835443038,0.0379746835443038,0.0,0.16666666666666666,-0.0009265182766760332,0.038461538461538464,0,0.019492567213038634,0.024017298684823135,1.0
557,엘스페스 주식회사,25,25.5,-0.038461538461538464,0.041666666666666664,0.08695652173913043,9,6,3,0.35294117647058826,0.23529411764705882,0.11764705882352941,0.6666666666666666,0.010595465140919719,-0.12179487179487179,0,0.05482024446868429,0.04802921064280741,0.8
558,주식회사 케이씨파츠텍,194,172.83333333333334,0.19753086419753085,0.4057971014492754,-0.020202020202020204,101,49,52,0.5843780135004821,0.28351012536162007,0.30086788813886206,1.0,0.006371251126495936,0.02361782071926999,0,0.14082338870397257,0.03814614562029273,0.6533333333333333
559,주식회사 노피온,23,22.5,0.045454545454545456,-0.041666666666666664,0.15,2,2,0,0.08888888888888889,0.08888888888888889,0.0,0.16666666666666666,0.012056908608632769,0.12878787878787878,1,0.06238165749884764,0.028109134757052262,1.0
560,주식회사 아이큐랩,89,85.5,0.0,0.2361111111111111,0.2361111111111111,30,12,18,0.3508771929824561,0.14035087719298245,0.21052631578947367,0.5,0.035342465753424715,-0.2361111111111111,0,0.11069222137936136,0.09059610166567057,0.5714285714285714
562,주식회사 차고엔지니어링,30,30.833333333333332,-0.0625,-0.03225806451612903,0.1111111111111111,3,5,-2,0.0972972972972973,0.16216216216216217,-0.06486486486486487,0.0,0.006455083378160288,-0.09475806451612903,0,0.04732355357573232,0.01674803609170775,0.75
563,주식회사 넥서스비,53,52.333333333333336,0.019230769230769232,0.019230769230769232,0.06,6,7,-1,0.11464968152866241,0.1337579617834395,-0.01910828025477707,0.3333333333333333,0.003777572909405722,0.019230769230769232,1,0.01610637511131939,0.022338443206051186,0.9230769230769231
564,(주)에이치엠이스퀘어,22,20.833333333333332,0.1,0.047619047619047616,-0.043478260869565216,5,5,0,0.24000000000000002,0.24000000000000002,0.0,0.16666666666666666,-0.009305869228048203,0.14761904761904762,1,0.05059726083038903,0.05258136552049594,1.0
565,㈜화인파워엑스,31,28.333333333333332,0.14814814814814814,0.10714285714285714,0.14814814814814814,6,4,2,0.21176470588235294,0.1411764705882353,0.07058823529411765,0.6666666666666666,0.007492507492507531,0.18386243386243384,4,0.04815713303308872,0.061806708407358586,0.8
566,주식회사 제이씨에프테크놀러지,15,17.166666666666668,-0.16666666666666666,-0.21052631578947367,-0.25,1,4,-3,0.058252427184466014,0.23300970873786406,-0.17475728155339804,0.16666666666666666,-0.013592041761055858,-0.11403508771929824,0,0.07256659316417288,0.06109566105845543,0.4
567,㈜퓨리오사에이아이,214,193.5,0.12041884816753927,0.34591194968553457,0.44594594594594594,65,10,55,0.3359173126614987,0.05167958656330749,0.2842377260981912,1.0,0.03747119932091032,-0.08083901346768087,9,0.14027427286029934,0.01889429055393111,0.2666666666666667
568,주식회사 우리지에이,17,15.0,0.21428571428571427,0.3076923076923077,0.3076923076923077,5,4,1,0.3333333333333333,0.26666666666666666,0.06666666666666667,0.3333333333333333,0.0306319447423742,0.13736263736263735,2,0.13116370855615384,0.08861067572167505,0.8888888888888888
569,㈜데포랩,16,15.5,0.06666666666666667,0.06666666666666667,0.6,1,1,0,0.06451612903225806,0.06451612903225806,0.0,0.16666666666666666,0.031161820635504885,0.06666666666666667,0,0.12382806343720365,0.040803582711850056,1.0
570,엠투에스 주식회사,33,32.5,0.03125,0.06451612903225806,0.17857142857142858,4,2,2,0.12307692307692308,0.06153846153846154,0.06153846153846154,0.5,0.01824262693827912,-0.0010080645161290314,0,0.06858874956157422,0.04203877237316758,0.6666666666666667
571,주식회사 더굿시스템,12,12.0,0.0,0.2,0.2,3,1,2,0.25,0.08333333333333333,0.16666666666666666,0.3333333333333333,0.02288620470438653,-0.2,0,0.09495144870310791,0.08606629658238706,0.5
572,주식회사 티허브,15,15.166666666666666,0.0,0.0,-0.4,1,1,0,0.06593406593406594,0.06593406593406594,0.0,0.0,-0.034211941904249574,0.0,0,0.22894382942254995,0.0,1.0
573,주식회사 엑스티,145,143.6,0.07407407407407407,,-0.026845637583892617,49,68,-19,0.3412256267409471,0.4735376044568245,-0.13231197771587744,0.4,0.0027855153203342176,,0,0.038014885972022794,0.08318739921458469,0.8376068376068376
574,주식회사 스페이스앤빈,10,10.666666666666666,0.0,-0.23076923076923078,-0.16666666666666666,1,4,-3,0.09375,0.375,-0.28125,0.16666666666666666,-0.03005505133164707,0.23076923076923078,1,0.14572385455967013,0.12922545705084584,0.4
575,주식회사 아이오티플렉스,14,14.5,-0.06666666666666667,0.07692307692307693,-0.06666666666666667,2,1,1,0.13793103448275862,0.06896551724137931,0.06896551724137931,0.16666666666666666,0.0017379070633508885,-0.2205128205128205,0,0.056304955817663364,0.06780635036208103,0.6666666666666667
576,㈜아우라프리시젼,15,14.5,0.07142857142857142,0.15384615384615385,0.25,7,5,2,0.4827586206896552,0.3448275862068966,0.13793103448275862,0.6666666666666666,0.018276202325282084,-0.005494505494505503,1,0.07977604928472382,0.10383071071849394,0.8333333333333334
577,(주)에이알티플러스,27,28.5,-0.03571428571428571,-0.12903225806451613,-0.1,0,4,-4,0.0,0.14035087719298245,-0.14035087719298245,0.0,-0.014141847010927747,0.06105990783410138,0,0.059553438703769,0.028649002839569334,0.0
578,주식회사 플렉스로직,38,35.833333333333336,0.08571428571428572,0.22580645161290322,0.5833333333333334,14,9,5,0.39069767441860465,0.2511627906976744,0.13953488372093023,0.6666666666666666,0.04065025883207702,-0.04331797235023041,0,0.15004560860766633,0.021007608912811563,0.782608695652174
579,(주)모듈싸이,7,8.333333333333334,-0.3,-0.2222222222222222,-0.4166666666666667,2,3,-1,0.24,0.36,-0.12,0.16666666666666666,-0.05104895104895102,-0.4111111111111111,0,0.22156468376279892,0.19224983745116667,0.8
580,㈜이투비비,10,10.166666666666666,-0.09090909090909091,0.1111111111111111,0.0,3,2,1,0.29508196721311475,0.19672131147540986,0.09836065573770493,0.3333333333333333,0.006293706293706305,-0.31313131313131315,0,0.07385489458759964,0.11498805191311597,0.8
581,(주)에스비이엔지,17,16.0,0.0,0.21428571428571427,0.4166666666666667,5,3,2,0.3125,0.1875,0.125,0.16666666666666666,0.025549869125288116,-0.21428571428571427,0,0.11596843524104797,0.11636866703140784,0.75
582,주식회사 제이디에스,10,8.166666666666666,0.25,0.25,0.25,4,2,2,0.489795918367347,0.2448979591836735,0.2448979591836735,0.3333333333333333,0.010273972602739724,0.25,1,0.09637840602376911,0.12646476232514017,0.6666666666666667
583,주식회사 크레셈,93,86.66666666666667,0.09411764705882353,0.2236842105263158,0.25675675675675674,32,20,12,0.3692307692307692,0.23076923076923075,0.13846153846153844,0.5,0.024461016162260978,-0.024303405572755413,4,0.09290091591159545,0.029190255324631192,0.7692307692307692
584,주식회사 메이커스테크놀로지,11,11.0,0.0,-0.08333333333333333,0.0,0,1,-1,0.0,0.09090909090909091,-0.09090909090909091,0.0,0.0006357279084551816,0.08333333333333333,0,0.03876376661011099,0.037113480951260276,0.0
585,알에프에이치아이씨(주),336,330.1666666666667,0.027522935779816515,0.04024767801857585,0.05,42,27,15,0.127208480565371,0.08177688036345279,0.04543160020191822,0.3333333333333333,0.0026404169079328335,0.015139034851023945,1,0.01300112185699167,0.0164504500119135,0.782608695652174
586,주식회사 에이아이텔레콤,17,16.333333333333332,0.0625,0.13333333333333333,0.13333333333333333,3,1,2,0.1836734693877551,0.06122448979591837,0.12244897959183675,0.3333333333333333,0.008127997656793477,-0.004166666666666666,0,0.04981956823657125,0.03161619058128504,0.5
587,주식회사 제니스코리아,27,27.0,0.0,0.038461538461538464,0.0,7,6,1,0.25925925925925924,0.2222222222222222,0.037037037037037035,0.3333333333333333,-0.002711135018827303,-0.038461538461538464,0,0.024685215634025412,0.043297970164815264,0.9230769230769231
588,(주)에스에이텍,13,12.666666666666666,0.08333333333333333,-0.13333333333333333,-0.5806451612903226,1,1,0,0.07894736842105264,0.07894736842105264,0.0,0.16666666666666666,-0.0993332249146202,0.2833333333333333,0,0.4200117295883404,0.049930699897395465,1.0
589,㈜알엔텍,10,14.833333333333334,-0.5,-0.4117647058823529,-0.2857142857142857,3,15,-12,0.20224719101123595,1.0112359550561798,-0.8089887640449438,0.3333333333333333,-0.015704965425635813,-0.6764705882352942,0,0.24995353532303896,0.4327228728776956,0.33333333333333337
590,주식회사 디노밴,12,11.2,0.09090909090909091,,0.09090909090909091,3,11,-8,0.26785714285714285,0.9821428571428572,-0.7142857142857143,0.2,0.01785714285714274,,1,0.039929785312496247,0.3713684704122397,0.4285714285714286
591,주식회사 동윤에스엠티전자,11,11.166666666666666,-0.08333333333333333,0.1,0.0,4,5,-1,0.35820895522388063,0.44776119402985076,-0.08955223880597016,0.16666666666666666,0.0067260983291518,-0.2833333333333333,0,0.0726376910930161,0.10469061442835931,0.8888888888888888
592,(주)하이텍이엔지,11,10.833333333333334,0.0,0.0,-0.08333333333333333,1,0,1,0.0923076923076923,0.0,0.0923076923076923,0.16666666666666666,-0.011106540518305208,0.0,0,0.05747108358343496,0.03768445758127966,0.0
593,주식회사에스아이디텍션,22,21.833333333333332,-0.043478260869565216,0.1,0.1,4,2,2,0.183206106870229,0.0916030534351145,0.0916030534351145,0.3333333333333333,0.010037021801727669,-0.1934782608695652,0,0.0571967570358115,0.04730361338879289,0.6666666666666667
594,솔리스이엔씨㈜,20,20.5,-0.047619047619047616,0.1111111111111111,0.05263157894736842,5,3,2,0.24390243902439024,0.14634146341463414,0.0975609756097561,0.5,0.007966716827476345,-0.21428571428571427,0,0.053432390178337855,0.05907610447019496,0.75
595,(주)에이알케이,24,25.166666666666668,-0.04,-0.04,0.0,3,3,0,0.11920529801324503,0.11920529801324503,0.0,0.16666666666666666,0.005103005103005112,-0.04,0,0.03598481207832141,0.025130683392066592,1.0
596,주식회사 티엔에스솔루션,21,21.5,0.0,-0.045454545454545456,-0.045454545454545456,1,4,-3,0.046511627906976744,0.18604651162790697,-0.13953488372093023,0.0,-0.003078003078003086,0.045454545454545456,0,0.03097565668362262,0.03891441983879421,0.4
597,인세미텍 주식회사,15,16.0,-0.0625,-0.11764705882352941,-0.25,0,2,-2,0.0,0.125,-0.125,0.0,-0.02484893747029665,-0.003676470588235295,0,0.09238385954548649,0.032274861218395144,0.0
598,주식회사 에이엔티시스템,3,6.0,-0.625,-0.75,-0.8,1,6,-5,0.16666666666666666,1.0,-0.8333333333333334,0.16666666666666666,-0.1346153846153846,-0.2916666666666667,0,0.46433447952498597,0.28706690406141805,0.2857142857142857
599,(주)신진테크,25,24.666666666666668,0.0,0.0,0.47058823529411764,1,0,1,0.040540540540540536,0.0,0.040540540540540536,0.16666666666666666,0.014716981132075528,0.0,0,0.09902335470736637,0.01655060637015661,0.0
600,주식회사 일신앤아이에스,17,18.333333333333332,-0.10526315789473684,-0.15,0.21428571428571427,1,3,-2,0.05454545454545455,0.16363636363636364,-0.1090909090909091,0.16666666666666666,0.024848937470296716,-0.055263157894736833,0,0.14447911565500723,0.04453617714151233,0.5
601,주식회사 에이젠코어,45,43.666666666666664,0.07142857142857142,0.0,0.07142857142857142,7,12,-5,0.1603053435114504,0.2748091603053435,-0.11450381679389314,0.16666666666666666,0.0026474481541402957,0.1380952380952381,1,0.03589168542908672,0.0366889002769402,0.736842105263158
625,(주)엔다이브,26,22.166666666666668,0.18181818181818182,0.625,0.8571428571428571,15,5,10,0.6766917293233082,0.22556390977443608,0.45112781954887216,0.6666666666666666,0.06516064580580708,-0.19318181818181818,1,0.25336861036740876,0.08870905987219624,0.5
701,주식회사 패리티,21,22.166666666666668,-0.125,-0.08695652173913043,-0.045454545454545456,6,9,-3,0.2706766917293233,0.40601503759398494,-0.13533834586466165,0.16666666666666666,-0.004319210201563126,-0.16847826086956522,0,0.060471566191971346,0.07412786492551121,0.8
702,그린웨일글로벌 주식회사,16,16.0,0.0,-0.1111111111111111,0.3333333333333333,3,4,-1,0.1875,0.25,-0.0625,0.3333333333333333,0.0268720044000943,0.1111111111111111,1,0.15165701698032655,0.10765008902303178,0.8571428571428572
703,테라릭스 주식회사,12,11.5,0.09090909090909091,0.09090909090909091,-0.25,2,1,1,0.17391304347826086,0.08695652173913043,0.08695652173913043,0.16666666666666666,-0.031888111888111866,0.09090909090909091,0,0.1722577350156656,0.03549985134468374,0.6666666666666667
704,주식회사 바인딩,15,15.666666666666666,,,-0.0625,0,1,-1,0.0,0.06382978723404256,-0.06382978723404256,0.0,-0.03191489361702102,,0,0.036852144841891005,0.03685214484189101,0.0
705,주식회사 비에스지머티리얼즈,19,20.0,-0.05,-0.09523809523809523,-0.09523809523809523,0,4,-4,0.0,0.2,-0.2,0.0,-0.011748251748251717,-0.0023809523809523864,0,0.04943315045226598,0.040824829046386304,0.0
706,주식회사 에이치이엠티,11,10.833333333333334,0.0,0.0,-0.35294117647058826,3,2,1,0.2769230769230769,0.1846153846153846,0.0923076923076923,0.3333333333333333,-0.05198575009895762,0.0,0,0.22555583091976344,0.06948670640391517,0.8
707,주식회사 엔원테크,21,20.333333333333332,0.0,0.05,-0.08695652173913043,2,1,1,0.09836065573770493,0.049180327868852465,0.049180327868852465,0.16666666666666666,-0.006908753896705651,-0.05,1,0.04173616403780427,0.020077784776911297,0.6666666666666667
708,주식회사 하이젠에너지,8,8.333333333333334,0.0,-0.1111111111111111,-0.2,0,1,-1,0.0,0.12,-0.12,0.0,-0.020583190394511133,0.1111111111111111,0,0.08125364859229511,0.04898979485566356,0.0
709,주식회사 지엠텍,17,16.166666666666668,0.13333333333333333,,0.0,3,3,0,0.18556701030927833,0.18556701030927833,0.0,0.3333333333333333,0.001767304860088295,,1,0.046563256868602944,0.06775949165012363,1.0
710,주식회사 알디솔루션,13,14.166666666666666,-0.13333333333333333,0.0,0.08333333333333333,5,7,-2,0.35294117647058826,0.49411764705882355,-0.1411764705882353,0.16666666666666666,0.01398601398601399,-0.28717948717948716,0,0.09721185121992972,0.0964418895619727,0.8333333333333334
711,㈜바이오프랜즈,45,45.166666666666664,0.022727272727272728,0.0,-0.0425531914893617,10,11,-1,0.22140221402214022,0.24354243542435425,-0.022140221402214024,0.3333333333333333,-0.004440814659792761,0.04494949494949495,0,0.02528541324918069,0.04519353768972653,0.9523809523809523
712,주식회사 제아이엔지,21,22.833333333333332,-0.08695652173913043,0.0,0.16666666666666666,7,7,0,0.30656934306569344,0.30656934306569344,0.0,0.3333333333333333,0.02591034463544426,-0.18219461697722567,0,0.11250692307776207,0.05539756484966504,1.0
713,주식회사 베리워즈,26,23.333333333333332,0.13043478260869565,0.08333333333333333,-0.2972972972972973,5,1,4,0.2142857142857143,0.04285714285714286,0.17142857142857143,0.5,-0.04698295716259781,0.1721014492753623,2,0.2054416676018026,0.03499271061118826,0.33333333333333337
714,(주)유앤에스에너지,11,10.166666666666666,0.1,-0.15384615384615385,-0.21428571428571427,2,2,0,0.19672131147540986,0.19672131147540986,0.0,0.3333333333333333,-0.03660169617616428,0.3307692307692308,2,0.1501744599132044,0.08797644501638517,1.0
715,주식회사 코스모스랩,18,18.333333333333332,0.0,-0.14285714285714285,-0.3076923076923077,6,7,-1,0.32727272727272727,0.38181818181818183,-0.05454545454545455,0.5,-0.03692307692307694,0.14285714285714285,0,0.14006751618740546,0.10008261050562099,0.9230769230769231
716,주식회사 니바코퍼레이션,19,21.666666666666668,-0.13636363636363635,-0.13636363636363635,-0.09523809523809523,9,10,-1,0.41538461538461535,0.4615384615384615,-0.04615384615384615,0.16666666666666666,0.0003252561392096328,-0.13636363636363635,0,0.06112825494630427,0.08957493309544391,0.9473684210526316
717,주식회사 씨티엔에스,34,35.833333333333336,0.0,-0.22727272727272727,-0.2765957446808511,16,26,-10,0.44651162790697674,0.7255813953488371,-0.27906976744186046,0.3333333333333333,-0.041452523380234196,0.22727272727272727,1,0.16929942204027473,0.12929897937781623,0.7619047619047619
718,주식회사 디에스이브이,31,32.666666666666664,-0.03125,-0.1388888888888889,-0.1388888888888889,4,10,-6,0.12244897959183675,0.30612244897959184,-0.1836734693877551,0.0,-0.020611229566453528,0.0798611111111111,0,0.06179691576200187,0.033534034132969355,0.5714285714285714
720,주식회사 와이에스피,30,27.333333333333332,0.15384615384615385,0.36363636363636365,0.0,11,5,6,0.4024390243902439,0.18292682926829268,0.21951219512195122,0.5,0.01749999999999999,-0.02797202797202797,3,0.1043955818030629,0.0801545206105121,0.625
721,주식회사 플레코,15,15.5,-0.0625,0.15384615384615385,0.25,4,2,2,0.25806451612903225,0.12903225806451613,0.12903225806451613,0.5,0.032353188979695,-0.2932692307692308,0,0.13016915239207516,0.05267719876953071,0.6666666666666667
723,㈜스타스테크,51,52.833333333333336,-0.05555555555555555,-0.03773584905660377,0.18604651162790697,15,17,-2,0.28391167192429023,0.3217665615141956,-0.03785488958990536,0.16666666666666666,0.013068898314799939,-0.07442348008385744,0,0.06857512807758935,0.03524098433758723,0.9375
724,주식회사 카본밸류,10,10.666666666666666,-0.09090909090909091,-0.16666666666666666,-0.16666666666666666,0,2,-2,0.0,0.1875,-0.1875,0.0,-0.019127930892636768,-0.007575757575757583,0,0.07831988511164069,0.04841229182759272,0.0
725,주식회사 파란에너지,9,9.166666666666666,0.0,-0.1,-0.1,0,1,-1,0.0,0.1090909090909091,-0.1090909090909091,0.0,-0.012769838856795387,0.1,0,0.05373168527420215,0.04453617714151233,0.0
726,이온어스(주),15,16.0,-0.21052631578947367,-0.11764705882352941,0.0,10,10,0,0.625,0.625,0.0,0.3333333333333333,0.0030594405594405708,-0.3281733746130031,0,0.09231861823449955,0.11180339887498948,1.0
727,주식회사 비에이에너지,16,20.0,-0.058823529411764705,-0.42857142857142855,-0.5294117647058824,4,17,-13,0.2,0.85,-0.65,0.0,-0.09312638580931258,0.33403361344537813,0,0.29263273683887453,0.17440374613713625,0.38095238095238093
728,주식회사 에스지에너지,47,43.666666666666664,0.06818181818181818,0.11904761904761904,0.175,15,12,3,0.3435114503816794,0.2748091603053435,0.06870229007633588,0.3333333333333333,0.012496379360284695,0.02056277056277056,1,0.05058770498336201,0.042843405192068036,0.8888888888888888
729,주식회사 지엔이피에스,16,15.666666666666666,0.06666666666666667,0.06666666666666667,0.06666666666666667,9,5,4,0.574468085106383,0.3191489361702128,0.25531914893617025,0.5,0.009110714993067896,0.06666666666666667,0,0.053808666820167626,0.13788809996612467,0.7142857142857143
730,(주)에프씨아이,25,30.666666666666668,-0.21875,-0.2647058823529412,-0.1935483870967742,2,10,-8,0.06521739130434782,0.32608695652173914,-0.2608695652173913,0.16666666666666666,-0.009410114951012063,-0.15992647058823528,0,0.08151904757959427,0.06735623210795508,0.33333333333333337
731,엔진테크윈㈜,10,10.666666666666666,-0.09090909090909091,0.0,0.0,1,1,0,0.09375,0.09375,0.0,0.16666666666666666,6.471531823693918e-18,-0.19090909090909092,0,0.04615930911724978,0.05929270612815712,1.0
732,주식회사 유로컨설팅,16,15.166666666666666,0.06666666666666667,0.23076923076923078,0.06666666666666667,4,1,3,0.26373626373626374,0.06593406593406594,0.19780219780219782,0.5,0.011092355919942103,-0.08717948717948719,1,0.06238165749884765,0.06915223174748253,0.4
733,주식회사 스탠더드시험연구소,36,35.166666666666664,0.02857142857142857,0.02857142857142857,0.0,7,6,1,0.1990521327014218,0.17061611374407584,0.028436018957345974,0.5,-0.0031517777996651133,0.02857142857142857,1,0.02247109958359058,0.027958068632706407,0.9230769230769231
734,아크로랩스 주식회사 ,27,23.833333333333332,0.35,0.038461538461538464,0.5,10,9,1,0.4195804195804196,0.37762237762237766,0.04195804195804196,0.3333333333333333,0.028443466645713844,0.5807692307692307,0,0.15346252125289783,0.11693177603400548,0.9473684210526316
735,주식회사 티앨씨,7,7.166666666666667,0.0,0.16666666666666666,0.16666666666666666,2,1,1,0.27906976744186046,0.13953488372093023,0.13953488372093023,0.16666666666666666,0.023900150482428956,-0.16666666666666666,0,0.10155310229187668,0.056964877739143674,0.6666666666666667
736,주식회사 이솔루션,23,23.0,,,0.0,0,1,-1,0.0,0.043478260869565216,-0.043478260869565216,0.0,,,0,,,0.0
737,베스트에너지(주),15,15.0,0.0,0.0,0.0,2,3,-1,0.13333333333333333,0.2,-0.06666666666666667,0.16666666666666666,3.434380274317663e-18,0.0,0,0.0,0.08861067572167505,0.8
738,(주)제이알배터리시스템,18,18.666666666666668,-0.05263157894736842,-0.05263157894736842,-0.05263157894736842,1,3,-2,0.05357142857142857,0.1607142857142857,-0.10714285714285714,0.16666666666666666,-0.0016783216783216358,-0.05263157894736842,0,0.03315101656042992,0.04374088826398532,0.5
739,주식회사 케이퓨얼셀,39,38.833333333333336,0.05405405405405406,-0.025,0.02631578947368421,8,7,1,0.20600858369098712,0.1802575107296137,0.02575107296137339,0.5,0.0005402322998889416,0.12905405405405407,0,0.02414000514749593,0.06183833014361502,0.9333333333333333
740,주식회사 현대폴리텍,8,8.5,0.14285714285714285,-0.3333333333333333,-0.2727272727272727,2,3,-1,0.23529411764705882,0.35294117647058826,-0.11764705882352941,0.16666666666666666,-0.04127579737335829,0.5595238095238095,0,0.1956754897819087,0.1563717806853089,0.8
741,주식회사 하이코스,22,22.333333333333332,0.047619047619047616,-0.12,-0.12,3,4,-1,0.13432835820895522,0.17910447761194032,-0.04477611940298508,0.16666666666666666,-0.01966873706004144,0.20761904761904762,0,0.06148754619013457,0.04402352598135112,0.8571428571428572
742,(주)이솔산업,41,40.333333333333336,0.025,0.025,-0.08888888888888889,1,0,1,0.024793388429752063,0.0,0.024793388429752063,0.16666666666666666,-0.008997015009038996,0.025,0,0.041599899615526216,0.0101218584412528,0.0
744,주식회사 해전쏠라,20,17.0,0.17647058823529413,0.17647058823529413,0.3333333333333333,8,4,4,0.47058823529411764,0.23529411764705882,0.23529411764705882,0.3333333333333333,0.010127803231251524,0.17647058823529413,1,0.11400896120111216,0.13240739620497358,0.6666666666666667
745,주식회사 중심티엔씨,11,11.833333333333334,-0.08333333333333333,-0.08333333333333333,-0.21428571428571427,0,1,-1,0.0,0.08450704225352113,-0.08450704225352113,0.0,-0.014742014742014739,-0.08333333333333333,0,0.06312153601309646,0.03449985553215744,0.0
746,㈜클린일렉스,35,40.833333333333336,-0.16666666666666666,-0.33962264150943394,-0.35185185185185186,0,15,-15,0.0,0.36734693877551017,-0.36734693877551017,0.0,-0.040159840159840136,0.04088050314465411,0,0.15622518355801843,0.04024084095956323,0.0
747,주식회사 하영테크,8,8.333333333333334,0.14285714285714285,-0.2727272727272727,-0.7142857142857143,3,4,-1,0.36,0.48,-0.12,0.3333333333333333,-0.15239932481311794,0.5064935064935066,1,0.6499544731817378,0.17663521732655693,0.8571428571428572
748,㈜지오에코텍,11,11.0,0.0,0.0,0.1,0,1,-1,0.0,0.09090909090909091,-0.09090909090909091,0.0,0.0035231943628890377,0.0,0,0.026443523779677517,0.037113480951260276,0.0
749,(주)자카본,25,25.666666666666668,0.0,-0.10714285714285714,0.13636363636363635,1,4,-3,0.03896103896103896,0.15584415584415584,-0.11688311688311688,0.0,0.009897079664521517,0.10714285714285714,0,0.08056050267762219,0.02133983990279868,0.4
750,하이스트 주식회사,18,18.0,,,0.0,0,2,-2,0.0,0.1111111111111111,-0.1111111111111111,0.0,1.7526967443664092e-16,,0,0.0,0.06415002990995843,0.0
842,주식회사 하이스코어게임즈,21,21.166666666666668,0.0,-0.045454545454545456,0.0,1,4,-3,0.047244094488188976,0.1889763779527559,-0.14173228346456693,0.16666666666666666,-0.007366679122404295,0.045454545454545456,0,0.04716903669109349,0.049550024322999285,0.4
843,주식회사 에이펀인터렉티브,34,35.5,-0.02857142857142857,-0.19047619047619047,-0.22727272727272727,0,9,-9,0.0,0.2535211267605634,-0.2535211267605634,0.0,-0.027882945080397268,0.13809523809523808,0,0.10761401354835763,0.05841251085444428,0.0
844,주식회사 마코빌,17,20.0,,,-0.2608695652173913,1,9,-8,0.05,0.45,-0.4,0.0,,,0,0.21213203435596423,0.21213203435596423,0.19999999999999996
845,테이크파이브스튜디오스 주식회사,6,8.166666666666666,0.0,-0.5384615384615384,-0.8604651162790697,1,8,-7,0.12244897959183675,0.979591836734694,-0.8571428571428572,0.16666666666666666,-0.18273529748939576,0.5384615384615384,0,0.843990956643086,0.30407478419900696,0.2222222222222222
846,(주)니오스트림인터랙티브,19,16.666666666666668,0.11764705882352941,0.5833333333333334,0.7272727272727273,9,3,6,0.5399999999999999,0.18,0.36,0.6666666666666666,0.05331139448786509,-0.2990196078431373,2,0.20153547103096792,0.05366563145999495,0.5
847,주식회사 블랙스톰,29,23.0,0.2608695652173913,0.9333333333333333,-0.3958333333333333,16,4,12,0.6956521739130435,0.17391304347826086,0.5217391304347826,0.8333333333333334,-0.04025704025704025,-0.27246376811594203,1,0.3788606964561131,0.06148754619013457,0.4
848,주식회사 슈퍼핸드,11,11.0,,,0.0,0,9,-9,0.0,0.8181818181818182,-0.8181818181818182,0.0,,,0,,,0.0
849,㈜모노리스,0,43.333333333333336,,,-1.0,3,66,-63,0.06923076923076922,1.523076923076923,-1.4538461538461538,0.3333333333333333,-0.7499999999999998,,0,0.8660254037844386,0.8594411284401263,0.08695652173913049
850,주식회사 엔엑스쓰리게임즈,282,251.66666666666666,0.1799163179916318,0.27601809954751133,0.43147208121827413,84,23,61,0.3337748344370861,0.0913907284768212,0.2423841059602649,1.0,0.029724673889844462,0.09846835419072682,11,0.11186979473718454,0.020786685931236358,0.4299065420560748
851,주식회사에어캡(AIRCAP),46,45.333333333333336,0.022222222222222223,0.045454545454545456,0.09523809523809523,8,5,3,0.1764705882352941,0.11029411764705882,0.0661764705882353,0.3333333333333333,0.007700165003535787,-0.0005050505050505048,0,0.03520671693486024,0.018455735879428135,0.7692307692307692
852,디자드 주식회사,0,15.0,,,-1.0,1,38,-37,0.06666666666666667,2.533333333333333,-2.466666666666667,0.0,-1.2666666666666666,,0,1.3482498944104457,1.0463339881772047,0.05128205128205132
853,주식회사 에이컴즈,49,47.5,0.0425531914893617,0.06521739130434782,0.16666666666666666,10,4,6,0.21052631578947367,0.08421052631578947,0.12631578947368421,0.5,0.011346185574860751,0.020814061054579093,0,0.045926328957239984,0.04800738631996371,0.5714285714285714
854,주식회사 오퍼그룹,13,12.666666666666666,0.0,-0.1875,-0.13333333333333333,3,4,-1,0.2368421052631579,0.31578947368421056,-0.07894736842105264,0.16666666666666666,-0.02209624694831791,0.1875,0,0.11107308567699618,0.059429419950716926,0.8571428571428572
855,㈜제이디비엔터테인먼트,22,24.833333333333332,-0.15384615384615385,-0.15384615384615385,-0.18518518518518517,2,6,-4,0.08053691275167786,0.24161073825503357,-0.16107382550335572,0.16666666666666666,-0.016783216783216773,-0.15384615384615385,0,0.07887200222411374,0.04876752248210726,0.5
856,주식회사 게임인스,8,10.5,-0.2,-0.38461538461538464,-0.4666666666666667,3,8,-5,0.2857142857142857,0.7619047619047619,-0.47619047619047616,0.16666666666666666,-0.042532809656097334,0.03076923076923077,0,0.17464837716820136,0.14018668041790233,0.5454545454545454
857,주식회사 크리에이터버스,10,10.166666666666666,0.0,0.0,-0.3333333333333333,1,1,0,0.09836065573770493,0.09836065573770493,0.0,0.0,-0.04012046347812768,0.0,0,0.1647525531671169,0.0,1.0
858,(주)레드독컬처하우스,136,126.5,0.07086614173228346,0.1623931623931624,0.1623931623931624,32,14,18,0.25296442687747034,0.11067193675889328,0.1422924901185771,0.8333333333333334,0.013851901523134402,-0.014603943737802008,4,0.05951061958704779,0.024998242372872567,0.6086956521739131
859,주식회사 드림팩토리스튜디오,5,6.333333333333333,-0.16666666666666666,-0.375,-0.6666666666666666,2,3,-1,0.31578947368421056,0.4736842105263158,-0.15789473684210528,0.16666666666666666,-0.14805194805194796,0.08333333333333334,0,0.47518094484352474,0.11885883990143385,0.8
860,에이치알컴퍼니 주식회사,24,21.833333333333332,0.14285714285714285,0.2,0.5,12,9,3,0.549618320610687,0.4122137404580153,0.13740458015267176,0.5,0.039447731755424084,0.09285714285714285,0,0.15228422350639698,0.0631330477194972,0.8571428571428572
861,주식회사 캠프파이어애니웍스,47,45.833333333333336,0.09302325581395349,0.06818181818181818,0.09302325581395349,10,7,3,0.21818181818181817,0.1527272727272727,0.06545454545454545,0.5,0.010393466963622896,0.11575052854122622,0,0.038504238990022095,0.058136345866796627,0.8235294117647058
862,주식회사 와이원엔터테인먼트,11,11.333333333333334,-0.08333333333333333,0.0,-0.08333333333333333,2,1,1,0.1764705882352941,0.08823529411764705,0.08823529411764705,0.3333333333333333,-0.002797202797202775,-0.17424242424242425,0,0.0769800358919501,0.06642111641550714,0.6666666666666667
863,주식회사 루이웍스미디어,5,7.166666666666667,-0.16666666666666666,-0.6153846153846154,-0.5454545454545454,0,8,-8,0.0,1.1162790697674418,-1.1162790697674418,0.0,-0.0769838856795378,0.3717948717948718,0,0.345963391849112,0.2743791851860954,0.0
864,주식회사 이오스튜디오,28,26.833333333333332,-0.034482758620689655,0.47368421052631576,0.3333333333333333,17,9,8,0.6335403726708074,0.33540372670807456,0.2981366459627329,0.5,0.04195804195804194,-0.5607985480943738,0,0.17749023334075134,0.09026535217185068,0.6923076923076923
865,주식회사 에이치뮤직엔터테인먼트,8,7.166666666666667,0.3333333333333333,-0.42857142857142855,-0.5294117647058824,5,6,-1,0.6976744186046512,0.8372093023255813,-0.13953488372093023,0.6666666666666666,-0.09037116729424421,0.9047619047619047,1,0.37512773510351716,0.33507746333633254,0.9090909090909091
866,주식회사 헬로에이티투코리아,33,33.833333333333336,-0.029411764705882353,0.0,-0.029411764705882353,7,7,0,0.20689655172413793,0.20689655172413793,0.0,0.16666666666666666,0.0015695028163856288,-0.059714795008912656,0,0.026942742265691374,0.01869326695666037,1.0
867,문테크놀러지 주식회사,9,11.0,-0.25,-0.35714285714285715,-0.6538461538461539,1,8,-7,0.09090909090909091,0.7272727272727273,-0.6363636363636364,0.0,-0.11137724550898202,-0.10714285714285715,0,0.3849978101903169,0.13381455858072497,0.2222222222222222
868,주식회사 몬스터라이엇,21,19.0,0.23529411764705882,0.16666666666666666,0.3125,4,1,3,0.21052631578947367,0.05263157894736842,0.15789473684210525,0.3333333333333333,0.023527873995163748,0.29084967320261434,0,0.09810049294043202,0.064460256389031,0.4
869,(주)콘텐츠테크놀로지스,18,19.0,0.0,-0.14285714285714285,-0.21739130434782608,3,6,-3,0.15789473684210525,0.3157894736842105,-0.15789473684210525,0.3333333333333333,-0.024901927340951674,0.14285714285714285,0,0.1070749132385777,0.11885883990143382,0.6666666666666667
870,(주)제이에스플럭스,14,14.5,-0.06666666666666667,-0.06666666666666667,-0.2222222222222222,1,2,-1,0.06896551724137931,0.13793103448275862,-0.06896551724137931,0.16666666666666666,-0.027383143172616822,-0.06666666666666667,0,0.11687184413988155,0.051915355359246976,0.6666666666666667
871,제이나인 주식회사,11,11.0,0.0,0.0,-0.08333333333333333,0,2,-2,0.0,0.18181818181818182,-0.18181818181818182,0.0,-0.0034702139965297747,0.0,0,0.026045876805547024,0.07422696190252055,0.0
872,주식회사 에프파이브,12,10.166666666666666,0.3333333333333333,0.2,0.0,3,1,2,0.29508196721311475,0.09836065573770493,0.19672131147540986,0.3333333333333333,-0.012456293706293711,0.43333333333333335,2,0.10825317547305482,0.1015864484251126,0.5
873,주식회사 넷마루,59,54.333333333333336,0.09259259259259259,0.20408163265306123,0.22916666666666666,21,10,11,0.38650306748466257,0.18404907975460122,0.20245398773006135,0.8333333333333334,0.019370515292211888,-0.009448223733938027,2,0.07716433825309296,0.024463069984511514,0.6451612903225806
874,주식회사 티씨컴퍼니,10,10.0,0.0,0.0,0.0,0,0,0,0.0,0.0,0.0,0.0,0.0017629429394135279,0.0,0,0.02911009760619962,0.0,1.0
875,주식회사 마스몬스터,25,28.333333333333332,-0.1935483870967742,-0.10714285714285714,-0.038461538461538464,9,13,-4,0.31764705882352945,0.45882352941176474,-0.1411764705882353,0.3333333333333333,0.007478925907928935,-0.30069124423963134,0,0.06459119182674644,0.08835286284949924,0.8181818181818181
876,주식회사 블렌딩,24,27.5,-0.14285714285714285,-0.14285714285714285,-0.1724137931034483,5,30,-25,0.18181818181818182,1.0909090909090908,-0.9090909090909091,0.3333333333333333,-0.011354581673306732,-0.14285714285714285,0,0.0579403967021872,0.3280126316186274,0.2857142857142857
877,주식회사 세이프어스,13,13.833333333333334,0.0,0.08333333333333333,0.08333333333333333,4,3,1,0.2891566265060241,0.21686746987951808,0.07228915662650602,0.16666666666666666,0.01471256016710563,-0.08333333333333333,0,0.10936043614554344,0.11581315509106425,0.8571428571428572
878,주식회사 리모샷,15,15.166666666666666,-0.0625,0.07142857142857142,0.0,7,7,0,0.46153846153846156,0.46153846153846156,0.0,0.3333333333333333,-0.0004610773841543195,-0.20535714285714285,0,0.03806705071579951,0.09324485026635793,1.0
879,주식회사 엔게이트,15,12.833333333333334,0.25,0.25,0.5,5,0,5,0.3896103896103896,0.0,0.3896103896103896,0.5,0.02426145283288142,0.25,1,0.1212058105459078,0.07661236988962403,0.0
880,주식회사 제주애퐁당,22,23.166666666666668,-0.12,-0.12,-0.043478260869565216,5,7,-2,0.2158273381294964,0.302158273381295,-0.08633093525179855,0.3333333333333333,-0.013227450515586072,-0.12,0,0.09253001153493749,0.0522759773369351,0.8333333333333334
881,주식회사 하우픽쳐스,10,10.666666666666666,-0.09090909090909091,-0.09090909090909091,-0.3333333333333333,0,1,-1,0.0,0.09375,-0.09375,0.0,-0.03356643356643361,-0.09090909090909091,0,0.14311664741772373,0.03827327723098716,0.0
882,주식회사 스튜디오티앤티,28,15.833333333333334,1.5454545454545454,0.75,0.75,19,2,17,1.2,0.12631578947368421,1.0736842105263158,0.6666666666666666,0.03939393939393937,1.8579545454545454,3,0.33071891388307384,0.23771767980286765,0.19047619047619047
883,주식회사 엠앤케이,58,59.0,,,-0.03333333333333333,6,8,-2,0.1016949152542373,0.13559322033898305,-0.03389830508474576,0.0,,,0,0.023969721396154154,0.023969721396154154,0.8571428571428572
884,주식회사 한울미디어,4,7.166666666666667,-0.5,-0.3333333333333333,-0.6666666666666666,3,5,-2,0.41860465116279066,0.6976744186046512,-0.27906976744186046,0.16666666666666666,-0.0600575894693541,-0.8333333333333333,0,0.29035020236359843,0.27437918518609533,0.75
885,미디어그룹테이크투 주식회사,36,33.5,0.09090909090909091,0.125,0.125,5,1,4,0.14925373134328357,0.029850746268656716,0.11940298507462686,0.5,0.01027543884686741,0.05965909090909091,2,0.04584099851801795,0.03615104900414916,0.33333333333333337
886,주식회사 씨디에스아시아,51,51.666666666666664,0.02,-0.13559322033898305,0.0,13,15,-2,0.2516129032258065,0.2903225806451613,-0.03870967741935484,0.16666666666666666,-0.0010069930069929959,0.17254237288135593,1,0.04735567547823597,0.03805904826774872,0.9285714285714286
887,(주)허브에이치알,10,10.166666666666666,-0.09090909090909091,0.42857142857142855,0.0,6,4,2,0.5901639344262295,0.3934426229508197,0.19672131147540986,0.3333333333333333,0.009121313469139572,-0.6623376623376623,0,0.12151305943109374,0.1015864484251126,0.8
888,주식회사 샐러리걸,16,16.333333333333332,-0.058823529411764705,0.06666666666666667,0.14285714285714285,3,2,1,0.1836734693877551,0.12244897959183675,0.06122448979591837,0.3333333333333333,0.011605415860735014,-0.19215686274509802,0,0.06285522943625502,0.08137715117296689,0.8
889,주식회사 더플릭,15,14.166666666666666,0.07142857142857142,0.36363636363636365,0.07142857142857142,8,7,1,0.5647058823529412,0.49411764705882355,0.07058823529411765,0.5,0.014854710506884417,-0.20129870129870128,0,0.11217704579067476,0.12158127701424766,0.9333333333333333
890,주식회사 픽스엔터테인먼트,21,23.5,-0.045454545454545456,-0.3,0.0,7,17,-10,0.2978723404255319,0.723404255319149,-0.425531914893617,0.16666666666666666,-0.014453773651098052,0.2212121212121212,0,0.16894222243366513,0.1363474024476359,0.5833333333333333
891,주식회사 북극여우,68,64.16666666666667,0.0625,0.11475409836065574,0.3076923076923077,19,13,6,0.2961038961038961,0.20259740259740258,0.0935064935064935,0.6666666666666666,0.021122910011798928,0.013319672131147542,2,0.08249137040996904,0.027878250109088284,0.8125
